status pozyczki,rodzaj Ÿród³a dochodu,miesieczny dochod netto,ktore rolowanie,kwota kredytu,wiek,p³eæ,okres w jakim pobiera³ dochód,okres w jakim bêdzie pobiera³ dochód,opóŸnienie sp³aty
splacona_cz,11,2470,1,426.61,49,kobieta,350,48,0
odmowa,11,963.57,0,200,47,kobieta,212,48,0
splacona_cz,11,1344.9,0,300,45,kobieta,42,48,5
splacona_cz,13,930,1,200,72,kobieta,235,48,0
splacona,13,1125,1,200,65,kobieta,121,48,0
splacona_cz,11,980.11,1,400,34,kobieta,41,48,0
splacona_cz,12,1000,1,300,60,mê¿czyzna,8,2,8
splacona,13,1611,1,300,65,mê¿czyzna,137,48,0
splacona_cz,13,1200,1,500,70,kobieta,115,48,0
odmowa,12,1215.64,0,800,57,kobieta,7,48,0
splacona_cz,13,1050,1,600,61,kobieta,135,48,1
splacona,13,1199.37,0,300,61,kobieta,11,48,452
splacona_cz,13,1400,0,400,59,kobieta,50,48,0
splacona_cz,12,1300,1,600,29,mê¿czyzna,23,18,7
splacona_cz,11,1721.7,1,335.97,54,kobieta,116,48,1
splacona_cz,17,798.8,1,300,54,mê¿czyzna,145,5,7
splacona_cz,11,1500,0,200,57,mê¿czyzna,391,48,1
splacona_cz,12,980,1,200,31,kobieta,6,0,3
splacona,13,1000,0,200,75,kobieta,207,48,7
splacona_cz,13,919,1,430,66,kobieta,137,48,14
splacona_cz,12,1032,1,300,46,kobieta,34,6,5
odmowa,12,2000,0,700,35,mê¿czyzna,6,6,0
splacona_cz,13,856,0,200,64,kobieta,53,48,0
splacona_cz,11,2700,1,1000,30,mê¿czyzna,60,48,0
splacona_cz,16,1770,1,500,58,mê¿czyzna,85,48,0
windykacja_sp,16,1788,1,300,54,kobieta,59,48,462
splacona_cz,12,599.03,0,200,37,kobieta,15,3,6
splacona_cz,12,1000,1,231.22,52,mê¿czyzna,8,31,7
splacona_cz,13,1085,1,400,67,kobieta,162,48,0
splacona_cz,13,1900,1,500,56,mê¿czyzna,146,48,0
splacona_cz,12,1963.88,0,400,44,mê¿czyzna,2,3,0
splacona,13,1772.53,0,400,71,mê¿czyzna,276,48,0
splacona_cz,16,1100,1,600,69,mê¿czyzna,133,48,0
splacona_cz,16,1473.04,0,400,65,mê¿czyzna,161,48,4
splacona_cz,13,1026,1,300,60,kobieta,51,48,0
splacona,13,917,0,300,63,kobieta,72,48,10
splacona_cz,13,1160,0,500,61,kobieta,74,48,0
splacona_cz,98,3178,1,500,43,mê¿czyzna,197,48,7
splacona_cz,11,932.34,1,200,51,kobieta,391,48,0
splacona_cz,13,1420,0,200,70,mê¿czyzna,49,48,0
odmowa,17,734.94,0,200,51,kobieta,18,6,0
splacona_cz,11,1443,1,600,43,kobieta,30,48,0
splacona_cz,13,2100,1,1000,73,kobieta,51,48,0
splacona_cz,13,936,1,300,60,kobieta,27,48,0
odmowa,13,757.1,0,200,67,kobieta,194,48,0
splacona,13,1083.23,1,200,58,kobieta,93,48,0
odmowa,11,970,0,300,54,mê¿czyzna,194,48,0
splacona_cz,12,1300,0,300,26,kobieta,4,8,1
splacona_cz,12,1500,0,300,22,kobieta,0,2,1
splacona_cz,16,1362,1,400,53,kobieta,25,48,0
splacona,16,1138.01,0,300,73,kobieta,3,48,16
splacona_cz,13,2113.24,0,400,64,kobieta,57,48,0
splacona_cz,11,1400,1,300,52,kobieta,157,48,1
splacona_cz,13,3040,1,700,65,mê¿czyzna,197,48,0
splacona,13,1921,1,200,71,mê¿czyzna,85,48,0
splacona_cz,12,984.34,0,200,53,kobieta,14,6,0
splacona_cz,13,580,1,800,56,kobieta,115,48,3
splacona_cz,11,1000,1,300,30,mê¿czyzna,53,48,0
splacona_cz,13,1820,1,1000,61,kobieta,65,48,0
splacona_cz,11,901,0,300,28,kobieta,36,48,0
splacona_cz,13,2000,1,250,68,mê¿czyzna,41,48,0
splacona_cz,11,1077,1,200,55,kobieta,179,48,0
splacona,13,1162.41,1,250,68,mê¿czyzna,100,48,0
odmowa,11,1870,0,200,49,kobieta,260,48,0
windykacja,11,2256,0,800,32,mê¿czyzna,70,48,5008
splacona_cz,11,992.84,1,300,49,kobieta,117,48,1
splacona_cz,17,728,1,200,27,mê¿czyzna,96,34,0
splacona_cz,11,2947,1,476.61,59,mê¿czyzna,49,48,4
splacona_cz,98,911,1,250,46,kobieta,94,48,1
splacona_cz,13,1134.96,1,200,68,kobieta,157,48,5
splacona_cz,12,1382,0,200,37,kobieta,17,6,0
splacona_cz,13,866.46,1,200,73,kobieta,191,48,0
odmowa,13,825.69,0,300,61,kobieta,3,48,0
splacona,12,1030,1,296.54,34,mê¿czyzna,1,22,22
splacona_cz,11,2100,0,400,60,mê¿czyzna,183,48,0
splacona,13,1800,1,200,69,kobieta,113,48,0
splacona,16,650.77,0,200,64,mê¿czyzna,44,48,0
splacona_cz,16,1072.89,1,300,55,kobieta,118,48,0
splacona_cz,13,2040,0,300,63,mê¿czyzna,140,48,0
windykacja,11,1200,0,400,54,kobieta,97,48,5006
splacona_cz,16,634.64,0,300,57,kobieta,132,48,0
splacona_cz,12,1042,0,300,49,mê¿czyzna,1,1,0
splacona_cz,11,3500,1,400,42,mê¿czyzna,24,48,5
odmowa,12,1200,0,300,31,mê¿czyzna,1,1,0
splacona_cz,11,1037.34,1,200,41,kobieta,58,48,0
splacona,13,714,1,200,62,kobieta,218,48,0
splacona_cz,13,1287.66,0,300,63,mê¿czyzna,92,48,5
splacona_cz,98,2200,1,500,47,kobieta,21,48,0
windykacja_sp,11,2300,0,200,37,mê¿czyzna,101,48,148
splacona,11,1566.82,0,200,46,mê¿czyzna,345,48,0
splacona,11,1071.61,0,200,52,kobieta,399,48,182
splacona_cz,11,800.51,0,400,38,kobieta,16,48,1
windykacja,12,1500,1,500,52,kobieta,22,10,5006
splacona_cz,12,1400,0,300,28,mê¿czyzna,5,18,7
odmowa,12,1134.4,0,200,23,kobieta,7,8,0
splacona_cz,11,967.64,0,200,48,kobieta,315,48,0
splacona_cz,13,1635,1,200,60,kobieta,116,48,7
splacona_cz,11,2875.71,1,1100,42,mê¿czyzna,274,48,4
splacona_cz,13,1000,0,300,70,kobieta,60,48,0
splacona_cz,13,1400,1,400,59,kobieta,242,48,0
splacona,13,2612,0,500,72,mê¿czyzna,78,48,0
splacona_cz,13,930,0,400,59,kobieta,28,48,1
splacona_cz,12,1100,1,300,65,mê¿czyzna,18,18,2
splacona_cz,11,1900,1,694,38,kobieta,204,48,1
splacona_cz,13,815,0,300,67,kobieta,140,48,4
splacona_cz,13,1500,1,500,61,mê¿czyzna,19,48,0
odmowa,12,1300,0,300,29,mê¿czyzna,0,3,0
splacona_cz,11,2100,1,300,33,mê¿czyzna,60,48,1
splacona,17,1100,0,200,56,kobieta,23,10,0
splacona_cz,11,1493.98,0,200,47,kobieta,357,48,0
splacona_cz,11,1400,0,421.62,33,kobieta,97,48,1
splacona_cz,13,1272,0,500,62,mê¿czyzna,12,48,5
splacona,11,1638,1,1239.88,52,kobieta,310,48,14
splacona_cz,11,2500,0,600,49,kobieta,229,48,0
splacona,13,840,1,200,64,kobieta,109,48,0
splacona_cz,12,950,0,200,37,mê¿czyzna,3,12,0
windykacja,11,2825,0,500,39,kobieta,93,48,298
splacona_cz,13,2066,1,700,61,kobieta,125,48,1
splacona_cz,13,1094,0,300,67,kobieta,180,48,6
splacona_cz,11,1400,1,600,58,kobieta,159,48,13
splacona_cz,13,1185.33,1,200,71,kobieta,220,48,3
splacona_cz,13,1658,1,300,59,kobieta,25,48,0
splacona_cz,13,1900,1,500,62,kobieta,84,48,0
odmowa,13,770,0,200,74,mê¿czyzna,108,48,0
splacona_cz,12,1952.35,0,200,44,mê¿czyzna,0,11,0
splacona_cz,12,1030,1,200,54,mê¿czyzna,5,19,7
splacona_cz,11,2065.98,1,300,52,kobieta,175,48,5
splacona,12,1884.29,0,300,39,mê¿czyzna,16,7,14
splacona_cz,11,3200,1,600,51,kobieta,50,48,0
splacona_cz,11,2031,0,1000,56,mê¿czyzna,110,48,0
splacona,11,3000,0,400,26,mê¿czyzna,37,48,11
splacona_cz,12,670,1,300,45,mê¿czyzna,5,6,2
windykacja,13,1721,1,350,71,kobieta,193,48,5003
windykacja,13,1029.7,0,200,60,kobieta,5,48,5003
splacona_cz,98,1200,1,285.97,38,kobieta,42,48,2
splacona_cz,11,1770,1,280.11,39,kobieta,83,48,2
splacona,99,2500,0,400,55,mê¿czyzna,1,2,83
splacona_cz,11,1250,1,500,61,mê¿czyzna,61,48,0
splacona_cz,16,749.28,1,200,53,kobieta,61,48,0
splacona_cz,16,980,1,400,68,kobieta,127,48,0
odmowa,13,1100,0,300,70,mê¿czyzna,62,48,0
odmowa,11,10000,0,1000,25,mê¿czyzna,5,48,0
splacona,13,1977,0,400,61,kobieta,51,48,0
splacona_cz,13,975,1,277.4,61,kobieta,23,48,0
splacona_cz,11,3335,1,600,56,mê¿czyzna,429,48,0
splacona_cz,98,980,0,300,56,kobieta,7,48,0
odmowa,13,1742.76,0,200,63,mê¿czyzna,38,48,0
splacona_cz,13,860,1,789.27,63,kobieta,77,48,2
odmowa,16,1700,0,500,48,mê¿czyzna,242,48,0
splacona,16,1401,0,300,69,kobieta,72,48,15
splacona_cz,99,1100,0,200,53,kobieta,49,0,0
splacona,11,1500,1,377.92,27,kobieta,21,48,17
splacona_cz,11,3100,1,500,32,kobieta,118,48,0
splacona_cz,11,2700,1,400,37,kobieta,118,48,0
windykacja,13,750,0,200,61,kobieta,62,48,5001
splacona_cz,13,784,0,200,60,kobieta,36,48,0
splacona_cz,13,2110,1,300,66,mê¿czyzna,98,48,0
splacona_cz,99,685,1,250,62,mê¿czyzna,2,0,1
splacona_cz,13,1300,0,300,66,mê¿czyzna,75,48,7
splacona_cz,13,1026,1,200,74,kobieta,244,48,0
splacona,13,907,0,200,60,mê¿czyzna,5,48,165
splacona_cz,12,1032.34,1,200,31,kobieta,2,9,0
splacona_cz,11,2353,1,1569.98,48,mê¿czyzna,96,48,8
odmowa,16,540,0,200,40,kobieta,180,48,0
splacona,13,3251,0,600,63,kobieta,135,48,0
splacona_cz,13,1525.46,1,521.49,62,kobieta,33,48,4
windykacja_sp,11,1136.8,1,200,26,mê¿czyzna,6,48,191
splacona_cz,13,3700,1,800,62,kobieta,24,48,0
splacona_cz,13,1538,1,200,63,mê¿czyzna,98,48,0
splacona_cz,13,957.2,0,200,74,mê¿czyzna,194,48,0
splacona,11,1459,1,300,26,mê¿czyzna,6,48,9
splacona_cz,11,3000,1,500,45,kobieta,90,48,4
splacona,13,2100,1,300,72,kobieta,157,48,0
splacona_cz,11,1400,1,200,54,kobieta,114,48,1
splacona_cz,13,2120,1,600,68,kobieta,116,48,3
splacona_cz,12,1027,1,300,39,kobieta,6,48,0
splacona_cz,13,1801.41,1,700,58,kobieta,35,48,0
windykacja,12,1017,1,300,36,mê¿czyzna,54,5,4999
splacona_cz,12,1030,1,200,51,mê¿czyzna,6,48,3
splacona_cz,13,1193.65,0,400,63,mê¿czyzna,6,48,0
splacona,12,2000,2,200,50,kobieta,32,23,0
splacona,11,2000,0,800,46,mê¿czyzna,48,48,0
splacona_cz,13,803.86,1,200,68,kobieta,155,48,0
splacona_cz,13,1412,1,400,73,kobieta,201,48,0
splacona_cz,98,5000,0,600,41,kobieta,81,48,2
splacona_cz,11,1000,1,275.97,41,kobieta,58,48,5
splacona_cz,16,1045,0,200,50,mê¿czyzna,196,48,1
splacona,17,1896,1,500,22,mê¿czyzna,31,2,0
splacona_cz,11,1200,1,300,38,kobieta,187,48,2
splacona,12,1500,0,900,35,mê¿czyzna,30,5,0
splacona,13,1425,1,200,60,kobieta,76,48,1
splacona_cz,16,2300,1,200,55,kobieta,60,48,0
splacona_cz,11,2800,1,400,54,kobieta,57,48,0
splacona_cz,12,1600,1,498.47,31,kobieta,11,0,5
windykacja_sp,13,1674.77,0,200,67,mê¿czyzna,66,48,214
odmowa,13,995,0,300,52,mê¿czyzna,168,48,0
splacona,11,2011,0,500,52,mê¿czyzna,208,48,42
splacona_cz,12,1574.45,0,450,47,mê¿czyzna,28,7,5
odmowa,16,634.64,0,200,51,kobieta,19,48,0
splacona_cz,11,1261.98,1,400,40,mê¿czyzna,33,48,6
splacona_cz,13,1149.06,0,400,60,kobieta,158,48,0
splacona_cz,16,1313.41,1,400,62,mê¿czyzna,25,48,1
splacona,13,1200.29,1,200,62,kobieta,19,48,0
splacona_cz,11,1300,1,326.61,39,mê¿czyzna,42,48,0
splacona,13,985.9,0,200,62,kobieta,87,48,0
splacona_cz,12,660,1,400,40,kobieta,9,29,2
odmowa,17,540.62,0,300,18,mê¿czyzna,3,17,0
splacona_cz,16,755.1,0,200,64,kobieta,131,48,0
odmowa,13,1079.14,0,300,68,mê¿czyzna,115,48,0
splacona_cz,13,1591,1,381.29,66,mê¿czyzna,73,48,0
splacona_cz,13,1162,1,200,62,mê¿czyzna,218,48,0
windykacja_sp,11,1600,1,400,52,mê¿czyzna,265,48,425
splacona_cz,12,700,1,250,40,mê¿czyzna,6,17,0
windykacja,11,1250,1,400,61,mê¿czyzna,103,48,4997
splacona_cz,11,2249.14,1,500,57,kobieta,238,48,7
odmowa,13,1517,0,400,78,kobieta,132,48,0
splacona_cz,13,1013.74,1,400,65,kobieta,110,48,0
splacona_cz,11,1500,0,400,58,kobieta,82,48,0
splacona_cz,12,1675,1,600,54,kobieta,6,5,3
splacona_cz,13,5100,1,700,61,kobieta,25,48,0
odmowa,11,3500,0,1000,41,kobieta,238,48,0
splacona_cz,11,1617.68,0,200,52,kobieta,82,48,2
splacona_cz,16,2300,2,1000,55,kobieta,60,48,0
odmowa,13,601.03,0,300,46,kobieta,302,48,0
splacona_cz,13,1233,0,400,63,kobieta,120,48,0
odmowa,13,940.49,0,400,68,mê¿czyzna,258,48,0
splacona_cz,13,1768.93,1,500,63,mê¿czyzna,266,48,4
splacona_cz,11,3170,1,400,47,kobieta,282,48,4
windykacja,11,1037.34,0,300,24,mê¿czyzna,31,48,4996
splacona,11,1239.05,1,400,39,kobieta,201,48,10
splacona_cz,12,2000,1,396.61,53,kobieta,6,20,3
windykacja,13,814.83,1,300,49,mê¿czyzna,154,48,4996
odmowa,13,832.92,0,200,67,kobieta,136,48,0
splacona_cz,13,951,1,500,73,kobieta,159,48,0
splacona_cz,12,1350,1,281.29,55,kobieta,19,5,0
windykacja,11,1065,1,650,35,kobieta,56,48,4996
odmowa,11,2600,0,650,64,mê¿czyzna,132,48,0
splacona_cz,11,1800,1,600,48,mê¿czyzna,123,48,6
odmowa,11,1037,0,200,22,mê¿czyzna,33,48,0
splacona_cz,16,633.56,1,250,64,mê¿czyzna,108,48,1
windykacja,12,1037,0,200,36,kobieta,1,2,4994
splacona_cz,13,910.33,1,200,73,mê¿czyzna,160,48,1
splacona_cz,13,856,1,200,64,kobieta,54,48,0
splacona,12,1500,1,371.94,53,kobieta,6,1,1
windykacja,11,1300,1,700,27,kobieta,7,48,4994
odmowa,11,1554.24,0,500,45,mê¿czyzna,150,48,0
windykacja_sp,12,1800,1,800,29,mê¿czyzna,5,5,262
odmowa,13,713.78,0,200,62,kobieta,26,48,0
splacona_cz,13,965,1,200,75,kobieta,242,48,1
splacona,11,2600,0,400,64,mê¿czyzna,132,48,0
splacona_cz,13,1239,1,300,77,kobieta,267,48,2
splacona_cz,16,1389,0,300,63,kobieta,88,48,0
splacona_cz,13,984,0,200,61,kobieta,8,48,0
splacona_cz,12,830.46,0,600,47,kobieta,42,29,1
splacona_cz,16,1340,1,500,63,kobieta,158,48,3
splacona,13,640,1,500,72,kobieta,136,48,1
splacona_cz,13,616,1,200,75,kobieta,243,48,0
splacona_cz,12,1009.34,0,300,55,kobieta,26,41,0
splacona_cz,16,703,1,200,57,kobieta,23,48,1
odmowa,11,1200,0,500,54,kobieta,25,48,0
splacona_cz,13,1426,1,300,71,mê¿czyzna,74,48,0
splacona,12,1300,1,417.53,25,mê¿czyzna,6,20,409
splacona_cz,11,2700,0,300,39,mê¿czyzna,6,48,0
splacona_cz,11,1700,1,300,54,mê¿czyzna,36,48,1
splacona_cz,13,1500,1,300,58,kobieta,43,48,1
splacona_cz,17,684,1,900,58,kobieta,187,22,1
splacona,11,2505,1,202.73,40,kobieta,161,48,1
splacona,98,3000,1,1500,57,mê¿czyzna,66,48,9
splacona,11,1300,1,600,54,kobieta,65,48,11
splacona_cz,12,1000,2,200,24,mê¿czyzna,9,16,0
splacona_cz,13,1000,1,500,60,kobieta,65,48,1
splacona_cz,11,1000,1,800,60,mê¿czyzna,60,48,0
splacona_cz,13,2421.55,1,1000,80,kobieta,242,48,0
splacona_cz,11,1172.2,1,400,56,kobieta,34,48,1
splacona_cz,11,1290,1,600,32,kobieta,16,48,1
splacona,11,2200,0,900,33,kobieta,34,48,0
odmowa,16,921.58,0,200,57,kobieta,18,48,0
splacona_cz,13,997,1,300,61,kobieta,76,48,1
odmowa,16,1279.58,0,400,64,kobieta,158,48,0
splacona,13,962,1,500,62,kobieta,62,48,15
splacona_cz,13,810,2,300,60,kobieta,30,48,8
splacona_cz,12,600,2,400,47,mê¿czyzna,6,21,0
splacona_cz,11,1680,1,300,57,kobieta,382,48,1
splacona,12,611.36,1,400,61,mê¿czyzna,0,3,280
splacona_cz,13,1189,1,265.58,62,kobieta,67,48,1
splacona_cz,13,1212,1,500,60,kobieta,51,48,1
splacona_cz,13,1137.19,1,400,66,kobieta,93,48,0
splacona,13,744.07,0,300,61,kobieta,10,48,1
splacona_cz,11,2100,0,300,45,mê¿czyzna,47,48,0
splacona_cz,13,1130,1,300,62,kobieta,100,48,0
splacona_cz,11,1510,1,900,58,mê¿czyzna,163,48,1
splacona_cz,13,802.83,1,200,65,kobieta,198,48,0
splacona_cz,16,655,1,500,53,kobieta,28,48,0
splacona_cz,13,1684,1,300,61,kobieta,17,48,0
splacona_cz,13,3600,0,1000,57,mê¿czyzna,83,48,0
splacona_cz,13,1428.55,1,235.97,66,kobieta,134,48,0
splacona_cz,12,990.34,0,200,46,kobieta,53,19,0
splacona_cz,11,5800,1,1000,47,kobieta,51,48,0
splacona_cz,13,1601.87,0,350,64,mê¿czyzna,42,48,0
splacona_cz,11,1400,1,200,49,mê¿czyzna,11,48,0
splacona,12,1210,0,200,52,mê¿czyzna,4,5,20
splacona_cz,13,940,1,300,69,mê¿czyzna,50,48,2
splacona_cz,17,1031,0,350,53,kobieta,48,12,0
splacona_cz,13,2612,0,1800,72,mê¿czyzna,79,48,5
splacona_cz,11,1800,1,300,33,mê¿czyzna,162,48,0
splacona_cz,16,634,0,200,58,kobieta,48,48,0
splacona_cz,13,1474.55,0,400,62,kobieta,62,48,0
splacona_cz,99,1393.85,0,200,29,mê¿czyzna,2,0,1
splacona_cz,13,1100,0,300,59,kobieta,40,48,0
splacona_cz,13,930,2,300,65,kobieta,128,48,0
splacona,13,1100,1,300,63,kobieta,102,48,20
splacona_cz,11,2800,1,600,49,kobieta,316,48,0
splacona_cz,11,2500,1,769.94,47,mê¿czyzna,201,48,8
splacona_cz,13,1700,1,500,72,mê¿czyzna,11,48,2
splacona,12,988,1,200,54,mê¿czyzna,6,6,12
splacona,13,1062,0,400,66,kobieta,159,48,15
splacona_cz,13,1503,1,400,61,mê¿czyzna,163,48,13
splacona,11,1300,1,400,53,kobieta,31,48,11
splacona_cz,12,1200,1,300,35,kobieta,6,8,1
splacona_cz,13,2098,1,700,75,mê¿czyzna,194,48,2
splacona,13,2291,2,1000,69,kobieta,68,48,14
splacona_cz,16,837,0,300,61,mê¿czyzna,228,48,0
odmowa,12,1040,0,250,34,kobieta,0,0,0
splacona_cz,13,730,0,200,72,kobieta,558,48,0
windykacja,12,1100,0,300,43,kobieta,12,17,4990
splacona_cz,11,1700,1,500,51,kobieta,303,48,4
windykacja_sp,11,2031,1,2000,56,mê¿czyzna,111,48,222
splacona_cz,13,1442.43,2,200,79,kobieta,138,48,0
splacona_cz,11,1360,2,200,46,mê¿czyzna,117,48,0
splacona_cz,12,1050,0,300,52,kobieta,31,5,0
splacona_cz,16,892,0,500,65,kobieta,198,48,0
splacona,12,1500,1,1130.33,48,kobieta,11,15,32
splacona_cz,13,850,1,400,66,kobieta,64,48,5
splacona_cz,12,2500,0,800,57,mê¿czyzna,2,1,4
splacona_cz,13,1350,0,300,65,kobieta,108,48,0
splacona_cz,11,1900,1,903.23,36,kobieta,176,48,6
splacona_cz,11,3200,1,700,52,mê¿czyzna,186,48,0
splacona_cz,11,2100,0,700,27,kobieta,20,48,0
splacona_cz,17,547.89,0,200,56,kobieta,53,5,0
odmowa,17,443.65,0,600,22,mê¿czyzna,10,25,0
odmowa,11,3000,0,700,45,mê¿czyzna,1,48,0
splacona,16,1411,1,400,60,kobieta,63,48,17
splacona_cz,12,1800,1,700,28,mê¿czyzna,8,0,0
splacona_cz,13,1210,0,300,65,kobieta,135,48,6
splacona_cz,12,1447,2,500,29,kobieta,19,5,5
odmowa,11,1515.11,0,300,32,kobieta,11,48,0
splacona_cz,12,1037.34,0,300,30,mê¿czyzna,17,7,0
splacona_cz,13,785,1,200,72,kobieta,61,48,0
splacona,99,980,2,449.7,23,mê¿czyzna,9,1,384
splacona_cz,11,1320,1,500,53,mê¿czyzna,339,48,3
splacona_cz,16,959.6,1,200,69,kobieta,112,48,0
splacona_cz,11,1700,1,600,47,kobieta,86,48,0
splacona_cz,13,3900,2,300,49,mê¿czyzna,27,48,3
splacona,13,720.19,0,200,67,kobieta,90,48,0
splacona_cz,99,750,1,300,19,mê¿czyzna,1,4,0
windykacja_sp,13,1425,1,500,56,kobieta,17,48,465
splacona_cz,11,1077.49,1,300,48,kobieta,369,48,3
windykacja,99,2800,2,200,38,kobieta,7,0,4989
splacona_cz,11,4000,2,600,53,mê¿czyzna,7,48,0
splacona_cz,13,2010,0,700,64,mê¿czyzna,135,48,0
splacona_cz,11,2258,2,1000,42,mê¿czyzna,72,48,3
splacona_cz,17,985,2,200,20,mê¿czyzna,10,1,0
splacona_cz,13,1668,2,392.14,63,kobieta,88,48,9
windykacja_sp,11,1050,1,441.91,52,kobieta,15,48,422
splacona_cz,13,1672.59,0,200,62,mê¿czyzna,19,48,0
splacona_cz,13,12220,0,200,57,mê¿czyzna,68,48,0
splacona_cz,16,588,2,600,55,mê¿czyzna,419,48,2
splacona_cz,13,611,0,300,57,kobieta,136,48,0
splacona,13,1065,1,230,62,kobieta,19,48,274
splacona,13,1261.6,1,400,64,mê¿czyzna,50,48,0
odmowa,11,1200,0,1000,41,mê¿czyzna,24,48,0
splacona_cz,13,1454.91,1,400,58,kobieta,39,48,6
splacona_cz,12,1634,0,300,22,kobieta,9,0,3
odmowa,13,1900,0,1000,76,kobieta,252,48,0
splacona_cz,11,2700,2,500,31,mê¿czyzna,12,48,3
splacona_cz,11,1680,2,799.84,57,kobieta,67,48,1
splacona_cz,12,1400,0,300,25,mê¿czyzna,9,23,0
odmowa,12,1037,0,200,31,kobieta,8,5,0
splacona_cz,13,1072,2,432.44,69,kobieta,150,48,1
splacona_cz,16,763.38,1,200,57,mê¿czyzna,208,48,1
splacona_cz,16,1045.6,2,500,54,kobieta,9,48,0
splacona_cz,11,1888.27,1,400,29,mê¿czyzna,74,48,4
splacona_cz,11,2927,0,500,38,kobieta,198,48,0
splacona_cz,11,1842.86,0,400,56,mê¿czyzna,5,48,0
splacona,13,3100,0,600,64,mê¿czyzna,135,48,11
splacona_cz,13,1688.82,0,300,46,mê¿czyzna,96,48,0
splacona_cz,13,1240,2,300,58,kobieta,67,48,0
splacona,12,900,2,400,28,mê¿czyzna,15,5,8
splacona_cz,11,1400,2,300,43,kobieta,22,48,0
splacona_cz,13,1026,2,200,74,kobieta,244,48,0
splacona_cz,11,1700,2,281.29,53,kobieta,202,48,1
splacona_cz,11,3000,2,300,60,mê¿czyzna,209,48,1
splacona_cz,11,763,1,300,46,kobieta,90,48,0
splacona,99,645.31,0,400,43,kobieta,8,4,1
splacona_cz,13,729.03,2,300,70,kobieta,254,48,0
splacona_cz,13,1090.14,1,400,61,kobieta,72,48,0
splacona,11,2458,0,600,61,mê¿czyzna,144,48,0
splacona_cz,13,714,2,200,62,kobieta,219,48,0
splacona_cz,16,1389,1,200,63,kobieta,88,48,0
splacona_cz,13,1291.18,2,381.29,70,kobieta,76,48,0
splacona_cz,12,1952.35,1,400,44,mê¿czyzna,1,10,0
odmowa,17,607.95,0,300,58,mê¿czyzna,210,30,0
splacona_cz,13,1370,1,900,59,kobieta,73,48,0
windykacja_sp,13,665.92,2,300,65,kobieta,122,48,300
odmowa,11,1226,0,300,26,mê¿czyzna,2,48,0
splacona_cz,13,1170,0,400,61,kobieta,75,48,0
splacona,11,1187.06,1,400,56,kobieta,130,48,2
splacona_cz,17,990,2,400,50,kobieta,69,16,0
splacona_cz,11,2080,2,500,53,mê¿czyzna,315,48,0
splacona_cz,12,1700,2,400,54,kobieta,52,1,0
splacona,11,1373.34,0,200,30,kobieta,55,48,0
splacona_cz,17,1200,2,200,25,kobieta,162,18,0
splacona_cz,11,2400,1,600,35,kobieta,110,48,0
splacona_cz,17,1485,1,500,58,mê¿czyzna,140,46,0
splacona_cz,12,1136.86,0,200,28,mê¿czyzna,9,15,1
splacona_cz,13,1362,2,500,61,kobieta,53,48,6
windykacja,11,3250,1,500,49,mê¿czyzna,2,48,4984
splacona_cz,16,1600,0,500,67,mê¿czyzna,9,48,0
odmowa,16,730,0,300,54,mê¿czyzna,113,48,0
splacona_cz,11,2470,2,426.61,49,kobieta,351,48,0
windykacja,12,1040,2,400,52,kobieta,15,4,4984
splacona_cz,13,1015,2,400,64,kobieta,106,48,4
odmowa,11,1557.5,0,700,35,kobieta,182,48,0
splacona_cz,13,1017,2,200,68,kobieta,158,48,0
splacona,17,547.89,1,350,56,kobieta,53,5,13
splacona_cz,11,1800,1,600,39,kobieta,49,48,11
splacona_cz,11,2050,0,800,33,kobieta,26,48,5
splacona_cz,13,910,2,200,66,kobieta,67,48,1
splacona,11,2284.23,0,200,43,mê¿czyzna,297,48,0
splacona,11,1577.42,2,400,50,kobieta,202,48,11
windykacja,12,855,2,600,31,kobieta,41,19,4984
splacona,12,1540,1,600,33,kobieta,36,3,5
splacona_cz,11,2050,2,575.74,32,mê¿czyzna,115,48,1
splacona_cz,11,2368.57,0,400,54,kobieta,407,48,0
odmowa,17,540.62,0,300,20,kobieta,28,20,0
odmowa,13,1875.17,0,1000,63,kobieta,96,48,0
splacona_cz,11,4900,0,500,50,kobieta,8,48,0
splacona_cz,13,1457,1,300,73,mê¿czyzna,76,48,3
splacona_cz,13,1216,2,200,66,kobieta,138,48,0
splacona_cz,13,1280,2,400,61,kobieta,14,48,0
odmowa,99,490.99,0,400,41,kobieta,3,5,0
splacona_cz,11,1800,2,500,49,kobieta,50,48,3
odmowa,13,1798.71,0,800,64,mê¿czyzna,132,48,0
windykacja,11,1110,0,600,25,mê¿czyzna,7,48,4983
splacona,13,930,2,670.73,63,kobieta,91,48,11
windykacja,11,1500,1,500,33,mê¿czyzna,99,48,4982
windykacja_sp,11,1033,1,400,33,mê¿czyzna,33,48,303
splacona,13,1160,1,500,61,kobieta,75,48,3
splacona_cz,13,1244.77,2,300,58,kobieta,36,48,4
splacona,13,930,2,200,72,kobieta,236,48,0
splacona_cz,13,1200,2,500,70,kobieta,116,48,16
splacona_cz,13,2015.55,0,600,69,mê¿czyzna,108,48,5
splacona_cz,13,1085,2,400,67,kobieta,163,48,3
splacona_cz,11,2700,2,500,30,mê¿czyzna,61,48,2
splacona,11,980.11,2,400,34,kobieta,42,48,10
odmowa,12,1139.48,0,500,19,mê¿czyzna,3,17,0
splacona,13,866.46,2,200,73,kobieta,192,48,0
splacona_cz,13,1872,2,700,58,kobieta,32,48,2
splacona_cz,12,2673.17,2,600,51,mê¿czyzna,109,48,5
splacona_cz,13,1400,1,400,59,kobieta,51,48,0
splacona_cz,11,1700,1,500,36,kobieta,194,48,5
windykacja,11,2700,1,400,35,mê¿czyzna,5,48,4982
splacona_cz,16,1770,2,500,58,mê¿czyzna,86,48,0
splacona_cz,98,4000,2,500.8,35,kobieta,16,48,2
splacona_cz,11,2670,2,1000,60,kobieta,85,48,6
odmowa,13,625.86,0,250,73,mê¿czyzna,254,48,0
splacona_cz,17,728,2,200,27,mê¿czyzna,97,33,2
odmowa,13,757.1,0,200,67,kobieta,195,48,0
splacona_cz,13,2113.24,1,200,64,kobieta,58,48,0
splacona_cz,16,685,0,300,52,kobieta,38,48,0
splacona_cz,11,1906.42,0,400,60,kobieta,209,48,0
windykacja,13,1561.87,1,281.29,57,mê¿czyzna,194,48,4980
splacona_cz,12,984.34,1,200,53,kobieta,15,5,0
splacona_cz,13,907,0,200,70,kobieta,231,48,0
splacona_cz,11,1721.7,2,385.97,54,kobieta,117,48,0
splacona,16,726,2,300,59,mê¿czyzna,230,48,336
splacona,13,936,2,300,60,kobieta,28,48,0
splacona_cz,13,1900,2,500,56,mê¿czyzna,147,48,0
splacona_cz,13,1817.24,0,400,57,kobieta,15,48,0
odmowa,98,520,0,200,33,kobieta,26,48,0
windykacja_sp,16,1100,2,850,69,mê¿czyzna,134,48,190
splacona_cz,11,1730.13,0,400,56,kobieta,190,48,1
splacona_cz,11,2709.34,2,337.64,35,kobieta,178,48,0
splacona_cz,13,1399.99,0,300,61,kobieta,12,48,1
splacona_cz,12,1963.88,1,400,44,mê¿czyzna,3,2,0
splacona_cz,13,1050,2,600,61,kobieta,136,48,0
windykacja_sp,17,926,2,520.7,24,mê¿czyzna,53,1,400
windykacja_sp,17,926,2,356.68,24,mê¿czyzna,53,1,400
splacona_cz,11,1443,2,600,43,kobieta,31,48,1
splacona_cz,13,1820,2,1000,61,kobieta,66,48,0
splacona_cz,13,2100,2,1000,73,kobieta,52,48,23
splacona,16,650.77,0,200,64,mê¿czyzna,45,48,3
windykacja,13,784,1,300,60,kobieta,36,48,4980
splacona_cz,11,1000,2,300,30,mê¿czyzna,54,48,3
splacona_cz,13,1026,2,300,60,kobieta,52,48,11
splacona_cz,11,1500,1,200,57,mê¿czyzna,392,48,1
splacona,13,1420,1,200,70,mê¿czyzna,50,48,0
splacona,13,1217,0,400,65,mê¿czyzna,48,48,0
splacona_cz,16,1362,2,400,53,kobieta,26,48,0
splacona_cz,11,901,1,300,28,kobieta,37,48,0
splacona,13,3181,0,400,69,mê¿czyzna,48,48,0
odmowa,11,1750,0,600,33,mê¿czyzna,6,48,0
splacona,13,1530,2,500,64,mê¿czyzna,32,48,5
splacona_cz,12,980,2,200,31,kobieta,7,3,1
odmowa,16,540.62,0,200,23,mê¿czyzna,62,48,0
splacona_cz,11,3217,0,300,44,mê¿czyzna,267,48,0
splacona_cz,13,3040,2,700,65,mê¿czyzna,198,48,0
splacona_cz,17,1100,0,200,56,kobieta,24,9,0
splacona_cz,11,932.34,2,200,51,kobieta,392,48,0
splacona,11,1400,0,300,23,mê¿czyzna,22,48,0
odmowa,13,1229.15,0,200,61,kobieta,84,48,0
splacona_cz,13,2000,2,450,68,mê¿czyzna,42,48,1
splacona,11,1077,2,200,55,kobieta,180,48,0
splacona_cz,13,865,2,300,70,kobieta,125,48,0
splacona_cz,11,983.97,0,200,57,kobieta,75,48,0
splacona_cz,11,1344.9,1,300,45,kobieta,43,48,4
splacona_cz,13,1107,0,400,60,kobieta,12,48,0
splacona_cz,11,967.64,1,200,48,kobieta,316,48,4
splacona_cz,11,2100,1,500,60,mê¿czyzna,184,48,1
splacona_cz,13,722.05,1,200,71,kobieta,194,48,0
splacona_cz,98,911,2,300,46,kobieta,95,48,0
splacona_cz,12,1300,1,300,26,kobieta,5,7,0
splacona_cz,12,1500,1,300,22,kobieta,1,1,0
splacona_cz,11,1400,2,300,52,kobieta,158,48,5
splacona,13,2547,0,600,80,mê¿czyzna,192,48,0
splacona_cz,16,1528,0,300,58,mê¿czyzna,372,48,6
splacona_cz,11,992.84,2,300,49,kobieta,118,48,0
splacona_cz,13,1400,2,600,59,kobieta,243,48,0
splacona,13,1294,0,250,70,kobieta,120,48,0
splacona,99,1100,1,200,53,kobieta,49,0,0
splacona,13,2800,1,800,54,mê¿czyzna,147,48,0
splacona,13,1150,0,300,75,mê¿czyzna,135,48,28
splacona,13,2040,1,300,63,mê¿czyzna,141,48,14
splacona_cz,13,1125,0,400,65,kobieta,122,48,0
splacona_cz,13,960,2,300,73,mê¿czyzna,137,48,7
splacona,13,1374.08,0,300,64,mê¿czyzna,69,48,1
splacona,11,2837,0,662.69,30,mê¿czyzna,123,48,21
splacona_cz,13,1175,0,400,65,kobieta,112,48,0
splacona_cz,16,1072.89,2,300,55,kobieta,119,48,0
splacona,12,1042,1,300,49,mê¿czyzna,2,0,12
splacona_cz,12,1382,1,200,37,kobieta,18,5,0
splacona_cz,11,1037.34,2,200,41,kobieta,59,48,0
splacona,13,1239.98,0,200,78,kobieta,252,48,0
splacona_cz,98,2200,2,400,47,kobieta,22,48,0
splacona_cz,13,1500,2,396.61,61,mê¿czyzna,20,48,1
odmowa,11,2002,0,600,36,mê¿czyzna,61,48,0
splacona_cz,16,634.64,1,300,57,kobieta,133,48,0
splacona_cz,13,1014,0,300,63,kobieta,180,48,7
splacona_cz,11,1493.98,1,200,47,kobieta,358,48,0
splacona_cz,12,1032,2,300,46,kobieta,35,5,3
windykacja,17,646,0,380.59,40,kobieta,51,3,4976
splacona,11,2100,1,820.86,42,mê¿czyzna,281,48,334
windykacja_sp,13,782,0,356.29,57,kobieta,189,48,209
splacona_cz,13,580,2,800,56,kobieta,116,48,2
splacona_cz,12,599.03,1,200,37,kobieta,16,2,5
odmowa,13,634.64,0,400,62,kobieta,254,48,0
odmowa,13,889.38,0,400,65,mê¿czyzna,5,48,0
odmowa,12,5000,0,700,42,mê¿czyzna,3,3,0
splacona,13,1000,1,300,70,kobieta,61,48,0
odmowa,13,720.08,0,450,76,kobieta,239,48,0
splacona_cz,13,3440,2,800,55,kobieta,48,48,6
odmowa,11,718.57,0,200,41,kobieta,78,48,0
splacona,11,800.51,1,400,38,kobieta,17,48,13
odmowa,11,1133.37,0,200,53,kobieta,389,48,0
odmowa,12,1520.01,0,500,38,kobieta,26,41,0
splacona,11,2200,2,499.98,35,mê¿czyzna,82,48,18
splacona,11,2500,1,600,49,kobieta,230,48,0
splacona_cz,12,1300,2,600,29,mê¿czyzna,24,17,6
splacona_cz,17,798.8,2,300,54,mê¿czyzna,146,4,6
odmowa,12,1038,0,500,50,mê¿czyzna,30,17,0
odmowa,16,799.4,0,300,59,kobieta,126,48,0
splacona,16,1473.04,1,400,65,mê¿czyzna,162,48,3
odmowa,12,670.8,0,300,50,mê¿czyzna,3,5,0
splacona,11,1250,2,500,61,mê¿czyzna,62,48,14
splacona,13,750,0,300,62,kobieta,28,48,0
splacona_cz,13,2110,2,300,66,mê¿czyzna,98,48,0
windykacja_sp,13,930,1,400,59,kobieta,29,48,436
windykacja_sp,12,1000,2,231.22,52,mê¿czyzna,9,30,437
splacona_cz,13,1658,2,300,59,kobieta,26,48,1
splacona_cz,16,749.28,2,200,53,kobieta,62,48,2
splacona_cz,13,1016,0,250,70,kobieta,186,48,0
splacona_cz,11,3200,2,600,51,kobieta,51,48,1
splacona_cz,11,3100,2,500,32,kobieta,118,48,0
splacona_cz,11,2700,2,400,37,kobieta,118,48,0
splacona_cz,11,2947,2,393.99,59,mê¿czyzna,50,48,3
odmowa,12,1027.22,0,300,24,mê¿czyzna,1,2,0
splacona,11,2100,2,300,33,mê¿czyzna,61,48,9
splacona_cz,16,980,2,400,68,kobieta,128,48,1
odmowa,11,960,0,400,42,kobieta,4,48,0
splacona,11,1400,1,412.72,33,kobieta,98,48,9
splacona_cz,11,1900,2,694,38,kobieta,205,48,3
windykacja,12,950,1,200,37,mê¿czyzna,4,11,4973
splacona_cz,12,1000,2,328,60,mê¿czyzna,9,1,4
splacona_cz,12,1000,2,328.32,50,kobieta,29,0,4
splacona_cz,13,1900,2,500,62,kobieta,85,48,1
splacona_cz,11,3335,2,600,56,mê¿czyzna,430,48,2
splacona_cz,11,1087,1,377.69,40,kobieta,235,48,5
odmowa,16,639.31,0,300,51,mê¿czyzna,246,48,0
splacona_cz,13,2066,2,700,61,kobieta,126,48,1
splacona_cz,13,975,2,253.12,61,kobieta,24,48,3
odmowa,11,2424.72,0,1000,38,mê¿czyzna,64,48,0
odmowa,11,2094.17,0,500,53,mê¿czyzna,238,48,0
odmowa,11,2575.31,0,1000,54,kobieta,190,48,0
splacona_cz,11,2250.05,0,500,61,mê¿czyzna,173,48,1
splacona_cz,12,1100,2,300,65,mê¿czyzna,19,17,1
splacona_cz,13,1977,0,700,61,kobieta,52,48,3
odmowa,11,993.48,0,200,41,kobieta,163,48,0
splacona,13,1134.96,2,200,68,kobieta,159,48,16
splacona_cz,13,1287.66,1,200,63,mê¿czyzna,94,48,2
splacona_cz,13,1538,2,200,63,mê¿czyzna,99,48,3
splacona_cz,13,1426,2,300,71,mê¿czyzna,75,48,0
odmowa,12,1200,0,200,59,mê¿czyzna,0,23,0
splacona_cz,98,980,1,300,56,kobieta,8,48,1
splacona_cz,12,670,2,300,45,mê¿czyzna,7,4,0
splacona_cz,98,3178,2,500,43,mê¿czyzna,199,48,2
splacona,13,1801.41,2,517.26,58,kobieta,36,48,10
splacona_cz,11,2875.71,2,1100,42,mê¿czyzna,276,48,6
odmowa,12,1030,0,300,39,kobieta,19,4,0
splacona_cz,13,1026,2,200,74,kobieta,245,48,1
splacona_cz,13,1185.33,2,200,71,kobieta,222,48,0
splacona,11,2200,0,900,33,kobieta,35,48,0
splacona,13,957.2,1,200,74,mê¿czyzna,195,48,264
splacona,13,815,1,336.83,67,kobieta,142,48,0
splacona_cz,13,840,0,400,64,kobieta,111,48,0
odmowa,13,933.05,0,300,63,kobieta,83,48,0
odmowa,16,1820,0,1000,59,kobieta,24,48,0
splacona_cz,98,1200,2,285.97,38,kobieta,44,48,2
splacona_cz,12,1032.34,2,200,31,kobieta,3,8,0
odmowa,11,1510.08,0,1000,30,mê¿czyzna,14,48,0
splacona_cz,12,1027,2,300,39,kobieta,7,48,5
splacona_cz,11,1770,2,277.34,39,kobieta,85,48,1
splacona_cz,13,3700,2,800,62,kobieta,25,48,0
odmowa,11,1032,0,200,24,mê¿czyzna,25,48,0
splacona,11,3500,2,400,42,mê¿czyzna,26,48,139
splacona_cz,11,1400,2,200,54,kobieta,115,48,1
splacona_cz,11,763,2,300,46,kobieta,91,48,1
splacona_cz,13,1083.23,0,200,58,kobieta,95,48,1
splacona,13,1272,1,500,62,mê¿czyzna,14,48,270
splacona_cz,99,685,2,250,62,mê¿czyzna,3,0,4
splacona,13,1519,0,200,78,mê¿czyzna,252,48,0
splacona_cz,13,803.86,2,200,68,kobieta,156,48,1
odmowa,12,1743,0,800,31,mê¿czyzna,11,5,0
odmowa,12,961,0,500,63,mê¿czyzna,76,4,0
splacona_cz,13,1193.65,1,400,63,mê¿czyzna,7,48,1
splacona,11,1566.82,0,200,46,mê¿czyzna,347,48,0
odmowa,12,1032.34,0,500,25,mê¿czyzna,15,16,0
splacona_cz,13,1031,0,200,66,kobieta,119,48,0
splacona,13,1149.06,1,400,60,kobieta,159,48,47
splacona,13,1412,2,400,73,kobieta,202,48,19
splacona,13,1591,2,381.29,66,mê¿czyzna,74,48,12
splacona,16,755.1,1,200,64,kobieta,132,48,12
splacona_cz,11,2065.98,2,327,52,kobieta,177,48,7
splacona,12,1400,1,300,28,mê¿czyzna,7,16,5
splacona,12,1500,0,800,35,mê¿czyzna,31,4,0
splacona,13,860,2,789.27,63,kobieta,78,48,11
odmowa,11,1079,0,300,52,kobieta,175,48,0
splacona_cz,11,2800,2,400,54,kobieta,58,48,3
splacona,13,1167.94,0,200,79,kobieta,367,48,0
splacona,13,2802,2,700,72,mê¿czyzna,245,48,307
splacona_cz,16,1045,1,200,50,mê¿czyzna,197,48,0
windykacja,17,1485,2,500,58,mê¿czyzna,141,45,4968
odmowa,12,1035,0,200,24,mê¿czyzna,2,0,0
splacona_cz,11,1300,2,300,39,mê¿czyzna,43,48,0
odmowa,12,1792,0,800,43,kobieta,156,1,0
splacona_cz,13,1162,2,200,62,mê¿czyzna,219,48,2
splacona,13,1094,1,300,67,kobieta,182,48,4
splacona_cz,13,1635,2,200,60,kobieta,118,48,0
odmowa,98,30000,0,1000,41,mê¿czyzna,73,48,0
odmowa,11,1033.52,0,300,39,kobieta,75,48,0
splacona_cz,13,917,0,300,63,kobieta,74,48,0
splacona_cz,13,2120,2,600,68,kobieta,117,48,3
splacona,13,985.9,0,200,62,kobieta,88,48,292
splacona_cz,16,1313.41,2,400,62,mê¿czyzna,26,48,0
splacona_cz,13,1233,1,400,63,kobieta,121,48,0
splacona_cz,13,1611,0,300,65,mê¿czyzna,139,48,3
splacona_cz,13,819,0,200,57,mê¿czyzna,55,48,0
splacona_cz,13,714,3,500,62,kobieta,220,48,1
splacona_cz,11,3000,2,500,45,kobieta,91,48,0
windykacja_sp,13,919,2,470.41,66,kobieta,139,48,430
splacona_cz,98,5000,1,600,41,kobieta,82,48,7
splacona_cz,12,700,2,250,40,mê¿czyzna,7,16,8
splacona_cz,13,951,2,500,73,kobieta,160,48,1
splacona_cz,13,1013.74,2,400,65,kobieta,111,48,1
splacona_cz,11,1500,1,400,58,kobieta,83,48,1
odmowa,13,1145.25,0,200,58,kobieta,21,48,0
windykacja,11,1200,2,300,38,kobieta,188,48,4966
splacona_cz,13,1525.46,2,521.49,62,kobieta,34,48,0
splacona_cz,13,5100,2,700,61,kobieta,26,48,0
splacona,11,2327.94,0,200,24,mê¿czyzna,33,48,0
splacona_cz,12,1030,2,241.15,54,mê¿czyzna,7,17,5
splacona,11,2000,0,600,46,mê¿czyzna,49,48,0
splacona_cz,16,2300,3,900,55,kobieta,61,48,0
odmowa,11,1796,0,400,48,kobieta,311,48,0
splacona_cz,12,660,2,400,40,kobieta,10,28,3
splacona_cz,12,1009.34,1,300,55,kobieta,27,40,2
splacona,12,1030,2,200,51,mê¿czyzna,7,48,11
splacona,12,1600,0,400,56,mê¿czyzna,33,27,0
splacona_cz,13,1425,0,400,60,kobieta,77,48,1
splacona_cz,12,1350,2,281.29,55,kobieta,20,4,1
splacona_cz,12,1000,3,200,24,mê¿czyzna,10,15,8
splacona_cz,12,1675,2,600,54,kobieta,7,4,2
odmowa,13,717.96,0,500,66,kobieta,79,48,0
splacona_cz,12,1800,2,700,28,mê¿czyzna,9,0,0
odmowa,12,1227,0,300,20,mê¿czyzna,1,11,0
splacona,13,856,2,200,64,kobieta,55,48,1
splacona,11,2700,1,300,39,mê¿czyzna,7,48,0
windykacja_sp,13,1300,1,300,66,mê¿czyzna,76,48,345
splacona_cz,13,1684,2,400,61,kobieta,18,48,1
splacona,11,1800,0,200,57,mê¿czyzna,159,48,0
splacona_cz,12,1600,2,498.47,31,kobieta,12,0,1
splacona_cz,13,616,2,200,75,kobieta,244,48,1
odmowa,12,900,0,300,67,mê¿czyzna,6,1,0
splacona_cz,13,984,1,200,61,kobieta,9,48,0
odmowa,13,1650,0,700,65,kobieta,127,48,0
splacona_cz,11,1000,2,275.97,41,kobieta,59,48,8
odmowa,11,2324,0,400,46,mê¿czyzna,43,48,0
splacona_cz,12,1574.45,1,445.67,47,mê¿czyzna,29,6,1
splacona_cz,11,1700,2,300,54,mê¿czyzna,37,48,4
splacona_cz,12,830.46,1,600,47,kobieta,43,28,1
splacona_cz,16,634,1,200,58,kobieta,49,48,0
splacona,13,1160,0,200,75,kobieta,209,48,0
splacona_cz,13,1500,2,200,58,kobieta,44,48,0
windykacja,16,633.56,2,250,64,mê¿czyzna,109,48,4963
splacona_cz,13,910.33,2,200,73,mê¿czyzna,161,48,8
odmowa,11,2139,0,500,49,kobieta,84,48,0
odmowa,11,1433,0,400,41,kobieta,158,48,0
splacona,12,2000,2,227.13,53,kobieta,7,19,2
splacona_cz,16,703,2,200,57,kobieta,24,48,1
splacona_cz,17,684,2,900,58,kobieta,188,21,1
odmowa,12,1200,0,300,22,mê¿czyzna,3,20,0
odmowa,99,761,0,400,37,mê¿czyzna,0,12,0
splacona,13,640,0,500,72,kobieta,137,48,1
odmowa,13,3519,0,1000,60,mê¿czyzna,108,48,0
splacona_cz,13,965,2,200,75,kobieta,243,48,1
splacona_cz,11,2353,2,1569.98,48,mê¿czyzna,97,48,8
splacona_cz,13,802.83,2,200,65,kobieta,199,48,4
splacona_cz,13,1137.19,2,400,66,kobieta,94,48,0
splacona_cz,11,1000,2,800,60,mê¿czyzna,61,48,3
splacona,13,2421.55,2,1000,80,kobieta,243,48,13
splacona_cz,13,3600,1,1000,57,mê¿czyzna,84,48,1
splacona,13,1601.87,1,350,64,mê¿czyzna,43,48,10
splacona_cz,13,1239,2,300,77,kobieta,268,48,1
odmowa,11,2215,0,900,39,mê¿czyzna,204,48,0
splacona,13,1100,1,200,59,kobieta,41,48,0
odmowa,11,950,0,500,40,kobieta,178,48,0
splacona_cz,11,1261.98,2,400,40,mê¿czyzna,34,48,0
windykacja,16,1138.01,0,300,73,kobieta,5,48,4962
splacona_cz,16,837,1,350,61,mê¿czyzna,229,48,0
splacona_cz,12,990.34,1,200,46,kobieta,54,18,0
splacona_cz,13,930,3,800,65,kobieta,129,48,0
splacona_cz,11,3170,2,400,47,kobieta,283,48,0
splacona_cz,12,600,3,400,47,mê¿czyzna,7,20,1
splacona_cz,11,1459,0,300,26,mê¿czyzna,7,48,5
splacona_cz,13,1130,2,300,62,kobieta,101,48,3
windykacja_sp,16,906.07,0,200,52,kobieta,10,48,263
splacona_cz,12,1400,1,300,25,mê¿czyzna,10,22,1
splacona_cz,11,2100,1,300,45,mê¿czyzna,48,48,1
splacona_cz,13,1428.55,2,235.97,66,kobieta,135,48,0
splacona,16,655,2,500,53,kobieta,29,48,152
splacona_cz,11,1800,2,300,33,mê¿czyzna,163,48,1
splacona_cz,13,1474.55,1,400,62,kobieta,63,48,0
splacona_cz,11,1617.68,1,200,52,kobieta,83,48,5
windykacja,13,1768.93,2,500,63,mê¿czyzna,267,48,4962
splacona_cz,11,1400,2,200,49,mê¿czyzna,12,48,1
splacona_cz,11,5800,2,900,47,kobieta,52,48,0
odmowa,12,1440,0,200,43,mê¿czyzna,3,8,0
splacona_cz,13,1189,2,265.58,62,kobieta,68,48,0
splacona_cz,11,1172.2,2,400,56,kobieta,35,48,2
splacona,16,1340,2,500,63,kobieta,159,48,6
splacona,13,1672.59,1,200,62,mê¿czyzna,20,48,0
splacona_cz,17,1031,1,350,53,kobieta,49,11,6
splacona_cz,13,1000,2,500,60,kobieta,66,48,2
odmowa,16,931.37,0,200,67,kobieta,210,48,0
splacona_cz,13,1817.24,1,400,57,kobieta,16,48,0
splacona,11,1510,2,900,58,mê¿czyzna,164,48,151
odmowa,12,1000,0,1000,45,kobieta,52,20,0
odmowa,12,1033,0,500,34,kobieta,1,0,0
odmowa,12,1200,0,250,32,kobieta,3,6,0
splacona_cz,13,997,2,300,61,kobieta,77,48,0
splacona_cz,13,1212,2,500,60,kobieta,52,48,0
splacona_cz,11,1680,2,300,57,kobieta,383,48,2
splacona_cz,13,720.19,0,200,67,kobieta,91,48,0
splacona,11,1638,0,1283.66,52,kobieta,312,48,17
splacona_cz,11,1700,2,600,47,kobieta,87,48,2
splacona,13,1442.43,3,200,79,kobieta,139,48,0
splacona,11,1400,2,600,58,kobieta,161,48,188
splacona_cz,11,2800,2,600,49,kobieta,317,48,3
splacona_cz,13,3541.9,0,369.53,72,kobieta,125,48,2
splacona,11,2100,1,500,27,kobieta,21,48,0
splacona_cz,11,1290,2,600,32,kobieta,17,48,2
splacona,12,1884.29,0,300,39,mê¿czyzna,18,5,0
splacona_cz,13,730,1,200,72,kobieta,559,48,0
odmowa,11,1542.33,0,500,43,kobieta,276,48,0
splacona_cz,11,2284.23,0,400,43,mê¿czyzna,298,48,0
splacona_cz,16,959.6,2,200,69,kobieta,113,48,0
splacona_cz,99,1393.85,1,200,29,mê¿czyzna,3,0,1
splacona_cz,13,2010,1,717.26,64,mê¿czyzna,136,48,1
splacona_cz,13,12220,1,200,57,mê¿czyzna,69,48,1
odmowa,11,2700,0,1000,43,mê¿czyzna,144,48,0
splacona_cz,16,892,1,500,65,kobieta,199,48,0
splacona,11,1360,3,200,46,mê¿czyzna,118,48,0
splacona_cz,12,1050,1,295.97,52,kobieta,32,4,0
splacona_cz,12,1200,2,300,35,kobieta,7,7,0
splacona,13,1210,1,300,65,kobieta,136,48,26
splacona_cz,11,3200,2,700,52,mê¿czyzna,187,48,0
splacona_cz,16,1045.6,3,450,54,kobieta,10,48,0
splacona_cz,13,1350,1,300,65,kobieta,109,48,3
windykacja,11,1800,2,600,48,mê¿czyzna,124,48,4959
odmowa,12,1200,0,300,35,kobieta,0,24,0
splacona,11,2249.14,2,500,57,kobieta,239,48,18
splacona,13,785,2,200,72,kobieta,62,48,0
splacona_cz,13,1688.82,1,300,46,mê¿czyzna,97,48,2
splacona,11,1400,0,300,23,mê¿czyzna,23,48,0
splacona_cz,11,4000,3,400,53,mê¿czyzna,8,48,1
splacona,12,1037.34,1,300,30,mê¿czyzna,18,6,0
splacona_cz,99,750,2,300,19,mê¿czyzna,2,3,0
splacona_cz,13,611,1,300,57,kobieta,137,48,1
splacona_cz,13,2098,2,700,75,mê¿czyzna,195,48,0
odmowa,11,1585,0,500,22,mê¿czyzna,2,48,0
splacona_cz,13,1700,2,500,72,mê¿czyzna,12,48,2
windykacja,13,940,2,300,69,mê¿czyzna,51,48,4959
splacona_cz,11,1700,2,500,51,kobieta,304,48,4
odmowa,12,1600,0,800,30,kobieta,72,41,0
splacona_cz,11,1842.86,1,400,56,mê¿czyzna,6,48,0
splacona_cz,13,3900,3,300,49,mê¿czyzna,28,48,0
odmowa,16,461.6,0,200,58,mê¿czyzna,378,48,0
splacona_cz,11,2470,3,426.61,49,kobieta,352,48,0
splacona_cz,11,1320,2,500,53,mê¿czyzna,340,48,0
splacona_cz,11,1239.05,0,400,39,kobieta,202,48,7
splacona,13,1261.6,2,400,64,mê¿czyzna,51,48,368
splacona,12,3000,0,700,37,mê¿czyzna,6,4,34
splacona,13,1240,3,300,58,kobieta,68,48,0
splacona_cz,13,936,0,500,60,kobieta,29,48,0
splacona_cz,13,1026,3,200,74,kobieta,245,48,0
splacona_cz,12,1952.35,2,400,44,mê¿czyzna,2,9,0
splacona_cz,11,1400,3,300,43,kobieta,23,48,4
splacona_cz,13,2612,1,1800,72,mê¿czyzna,80,48,0
splacona_cz,13,1170,1,400,61,kobieta,76,48,0
splacona_cz,11,1077.49,2,300,48,kobieta,370,48,0
odmowa,12,2187.11,0,600,27,mê¿czyzna,30,5,0
splacona_cz,11,2927,1,496.61,38,kobieta,199,48,0
splacona_cz,12,2500,1,800,57,mê¿czyzna,3,0,1
splacona_cz,17,985,3,200,20,mê¿czyzna,11,0,0
splacona_cz,11,2258,3,1000,42,mê¿czyzna,73,48,0
splacona_cz,13,1090.14,2,400,61,kobieta,73,48,0
splacona_cz,11,1680,3,649.84,57,kobieta,68,48,0
splacona_cz,11,1700,3,238.78,53,kobieta,203,48,0
splacona_cz,13,1072,3,500,69,kobieta,151,48,5
splacona_cz,13,729.03,3,300,70,kobieta,255,48,0
odmowa,16,1124,0,500,69,kobieta,135,48,0
splacona_cz,16,1389,2,200,63,kobieta,89,48,0
splacona_cz,13,1291.18,3,381.29,70,kobieta,77,48,0
splacona_cz,16,763.38,2,200,57,mê¿czyzna,209,48,0
splacona_cz,13,1370,2,900,59,kobieta,74,48,11
odmowa,12,1700,0,900,19,mê¿czyzna,4,8,0
splacona,11,2080,3,500,53,mê¿czyzna,316,48,15
splacona_cz,98,3000,0,1500,57,mê¿czyzna,67,48,6
splacona_cz,11,3000,3,300,60,mê¿czyzna,210,48,0
splacona_cz,11,1373.34,0,200,30,kobieta,56,48,0
splacona_cz,17,1200,3,200,25,kobieta,163,17,1
splacona,16,685,1,300,52,kobieta,39,48,0
splacona_cz,13,850,2,400,66,kobieta,65,48,1
splacona_cz,12,1700,3,400,54,kobieta,53,0,0
splacona,17,990,3,500,50,kobieta,70,15,13
splacona_cz,11,2400,2,600,35,kobieta,111,48,6
windykacja,12,1030,0,296.54,34,mê¿czyzna,3,20,4954
splacona_cz,11,1900,2,903.23,36,kobieta,177,48,3
splacona_cz,16,1600,1,500,67,mê¿czyzna,10,48,0
splacona_cz,12,1447,3,500,29,kobieta,20,4,4
splacona_cz,13,810,3,300,60,kobieta,31,48,4
splacona_cz,11,2368.57,1,400,54,kobieta,408,48,6
splacona,11,1500,0,378,27,kobieta,22,48,9
splacona_cz,12,1375.47,0,300,45,mê¿czyzna,5,3,0
splacona,11,4900,1,500,50,kobieta,9,48,0
splacona,13,1017,3,200,68,kobieta,159,48,0
splacona,16,588,3,600,55,mê¿czyzna,420,48,0
windykacja,12,1136.86,1,200,28,mê¿czyzna,10,14,4954
splacona_cz,13,910,3,200,66,kobieta,68,48,0
odmowa,98,600,0,200,29,kobieta,3,48,0
splacona_cz,12,1634,1,300,22,kobieta,10,0,3
splacona,11,2500,2,900,47,mê¿czyzna,202,48,11
odmowa,16,1076.83,0,200,78,kobieta,135,48,0
splacona_cz,13,1216,3,200,66,kobieta,139,48,0
splacona_cz,13,1280,3,400,61,kobieta,15,48,0
splacona_cz,11,1300,0,600,54,kobieta,66,48,8
splacona_cz,11,2700,3,450,31,mê¿czyzna,13,48,18
splacona,13,1400,2,500,59,kobieta,52,48,1
splacona_cz,11,2050,3,575.74,32,mê¿czyzna,116,48,7
splacona_cz,16,1770,3,500,58,mê¿czyzna,87,48,0
splacona_cz,12,1865,0,300,31,kobieta,18,3,3
splacona,11,1888.27,2,382.44,29,mê¿czyzna,75,48,16
splacona_cz,12,1000,0,300,50,mê¿czyzna,41,21,0
splacona_cz,11,1721.7,3,385.97,54,kobieta,118,48,1
splacona_cz,13,1872,3,700,58,kobieta,33,48,3
splacona_cz,11,2709.34,3,330.68,35,kobieta,179,48,0
splacona_cz,13,1015,3,400,64,kobieta,107,48,2
splacona_cz,12,984.34,2,200,53,kobieta,16,4,0
splacona_cz,13,1239.98,0,300,78,kobieta,253,48,0
splacona_cz,13,1200.29,0,400,62,kobieta,20,48,0
odmowa,11,1183,0,500,39,kobieta,15,48,0
splacona,13,2113.24,2,200,64,kobieta,59,48,0
splacona_cz,11,2700,3,600,30,mê¿czyzna,62,48,0
splacona,13,1454.91,2,400,58,kobieta,40,48,0
splacona_cz,13,907,1,200,70,kobieta,232,48,1
windykacja_sp,13,1457,2,300,73,mê¿czyzna,77,48,293
splacona,11,1300,0,400,53,kobieta,32,48,12
splacona_cz,12,1963.88,2,400,44,mê¿czyzna,4,1,0
splacona_cz,11,1800,3,500,49,kobieta,51,48,2
odmowa,12,1356,0,500,53,kobieta,84,4,0
splacona_cz,11,1906.42,1,281.29,60,kobieta,210,48,0
odmowa,11,1300,0,300,24,kobieta,21,48,0
splacona_cz,13,1900,3,500,56,mê¿czyzna,148,48,0
splacona_cz,13,1050,3,600,61,kobieta,137,48,0
splacona_cz,98,4000,3,498.26,35,kobieta,17,48,2
splacona_cz,13,1820,3,900,61,kobieta,67,48,1
windykacja_sp,99,645.31,0,300,43,kobieta,9,3,418
splacona,13,1399.99,1,300,61,kobieta,13,48,1
splacona,13,1085,3,400,67,kobieta,164,48,0
splacona_cz,11,1730.13,1,400,56,kobieta,191,48,0
splacona,13,1650,0,300,59,kobieta,113,48,0
odmowa,12,1457,0,300,35,mê¿czyzna,5,2,0
splacona,11,1500,2,200,57,mê¿czyzna,393,48,294
splacona,11,1660,0,300,63,mê¿czyzna,48,48,6
splacona_cz,13,722.05,2,200,71,kobieta,195,48,0
splacona,11,2050,1,799.85,33,kobieta,27,48,11
windykacja_sp,12,988,0,200,54,mê¿czyzna,7,5,271
splacona_cz,12,1100,0,200,26,mê¿czyzna,31,28,0
splacona_cz,11,1443,3,600,43,kobieta,32,48,1
splacona_cz,17,728,3,200,27,mê¿czyzna,98,32,0
splacona_cz,11,2100,0,300,54,mê¿czyzna,36,48,3
splacona,13,1503,2,400,61,mê¿czyzna,164,48,13
splacona_cz,13,1362,3,500,61,kobieta,54,48,7
splacona_cz,13,1244.77,3,300,58,kobieta,37,48,1
splacona_cz,11,932.34,3,200,51,kobieta,393,48,0
splacona_cz,11,901,2,300,28,kobieta,38,48,0
splacona_cz,17,1100,1,200,56,kobieta,25,8,0
splacona,13,3040,3,667.26,65,mê¿czyzna,199,48,11
splacona_cz,11,2700,3,500,37,kobieta,119,48,0
splacona_cz,11,3100,3,500,32,kobieta,119,48,0
windykacja,11,3217,1,299.97,44,mê¿czyzna,268,48,4948
splacona,13,1125,1,300,65,kobieta,123,48,0
splacona_cz,13,2110,3,300,66,mê¿czyzna,99,48,0
splacona_cz,13,865,3,300,70,kobieta,126,48,3
splacona_cz,12,1300,2,300,26,kobieta,6,6,0
splacona_cz,16,1362,3,400,53,kobieta,27,48,0
splacona_cz,12,1500,2,300,22,kobieta,2,0,0
splacona_cz,13,1668,3,392.14,63,kobieta,89,48,2
splacona_cz,11,983.97,1,200,57,kobieta,76,48,4
splacona_cz,12,980,3,200,31,kobieta,8,2,3
splacona_cz,11,1700,2,500,36,kobieta,195,48,3
windykacja_sp,13,2015.55,1,600,69,mê¿czyzna,109,48,429
splacona,13,1217,0,200,65,mê¿czyzna,49,48,0
splacona,13,819,1,200,57,mê¿czyzna,55,48,0
windykacja,16,650.77,0,200,64,mê¿czyzna,46,48,4947
splacona_cz,12,2673.17,3,600,51,mê¿czyzna,110,48,13
splacona_cz,13,1107,1,231.29,60,kobieta,13,48,2
splacona_cz,13,2291,0,1000,69,kobieta,69,48,9
splacona,13,1400,3,600,59,kobieta,244,48,0
splacona_cz,16,634.64,2,300,57,kobieta,134,48,2
splacona_cz,98,911,3,300,46,kobieta,96,48,2
splacona_cz,11,992.84,3,300,49,kobieta,119,48,3
splacona_cz,11,1000,3,300,30,mê¿czyzna,55,48,2
splacona_cz,13,2000,3,450,68,mê¿czyzna,43,48,5
splacona,13,1180,0,300,74,mê¿czyzna,138,48,0
windykacja_sp,13,1175,1,400,65,kobieta,113,48,276
splacona_cz,11,2100,2,500,60,mê¿czyzna,185,48,1
splacona,12,1382,2,200,37,kobieta,19,4,0
splacona_cz,16,1072.89,3,300,55,kobieta,120,48,0
splacona,11,1037.34,3,200,41,kobieta,60,48,23
splacona_cz,98,2200,3,300,47,kobieta,23,48,0
odmowa,11,1896.86,0,500,56,mê¿czyzna,136,48,0
splacona_cz,11,1493.98,2,200,47,kobieta,359,48,0
windykacja,13,1062,0,400,66,kobieta,160,48,4945
splacona_cz,11,2670,3,1000,60,kobieta,86,48,11
splacona_cz,99,1100,0,200,53,kobieta,50,0,0
splacona_cz,13,1500,3,376.37,61,mê¿czyzna,21,48,1
windykacja,13,3100,0,600,64,mê¿czyzna,136,48,4945
odmowa,98,690,0,200,21,mê¿czyzna,6,48,0
splacona_cz,11,1344.9,2,246.83,45,kobieta,44,48,7
odmowa,98,583,0,300,58,mê¿czyzna,111,48,0
splacona_cz,16,1045,2,200,50,mê¿czyzna,197,48,0
splacona_cz,13,720,0,500,58,kobieta,230,48,2
splacona,13,1016,1,250,70,kobieta,187,48,0
splacona_cz,12,1032.34,3,200,31,kobieta,3,8,6
splacona_cz,11,967.64,2,200,48,kobieta,317,48,2
splacona,11,1800,2,600,39,kobieta,50,48,13
splacona_cz,13,580,3,800,56,kobieta,117,48,3
odmowa,12,1224,0,400,18,mê¿czyzna,3,1,0
odmowa,11,3619,0,300,37,mê¿czyzna,39,48,0
odmowa,16,436,0,200,23,kobieta,12,48,0
splacona_cz,12,1032,3,296.54,46,kobieta,36,4,1
splacona_cz,11,1577.42,0,400,50,kobieta,203,48,3
splacona_cz,16,1411,0,400,60,kobieta,64,48,5
splacona_cz,11,1460.17,0,200,55,mê¿czyzna,59,48,1
splacona_cz,11,2250.05,1,500,61,mê¿czyzna,174,48,11
splacona_cz,13,2066,3,700,61,kobieta,127,48,2
splacona_cz,11,3200,3,600,51,kobieta,52,48,2
splacona_cz,13,1658,3,300,59,kobieta,27,48,4
splacona_cz,11,1400,3,300,52,kobieta,159,48,0
splacona_cz,11,980.11,0,400,34,kobieta,43,48,0
splacona_cz,13,1900,3,500,62,kobieta,86,48,1
splacona_cz,16,980,3,400,68,kobieta,129,48,1
odmowa,12,1138,0,300,24,mê¿czyzna,0,24,0
splacona_cz,12,1540,0,600,33,kobieta,37,2,0
splacona_cz,12,1100,3,235.97,65,mê¿czyzna,20,16,7
odmowa,16,2600,0,200,74,mê¿czyzna,439,48,0
splacona,11,3335,3,600,56,mê¿czyzna,431,48,1
splacona_cz,13,815,0,400,67,kobieta,142,48,0
splacona_cz,13,1185.33,3,200,71,kobieta,222,48,4
splacona,12,1210,0,200,52,mê¿czyzna,5,4,10
splacona_cz,16,749.28,3,200,53,kobieta,63,48,0
odmowa,98,583,0,1000,50,mê¿czyzna,135,48,0
splacona_cz,13,930,0,670,63,kobieta,92,48,7
windykacja_sp,16,1528,1,300,58,mê¿czyzna,373,48,312
splacona_cz,17,547.89,0,350,56,kobieta,54,4,6
splacona_cz,13,1426,3,300,71,mê¿czyzna,75,48,0
splacona,13,1031,1,200,66,kobieta,119,48,0
splacona_cz,13,840,1,400,64,kobieta,111,48,7
splacona_cz,12,670,3,300,45,mê¿czyzna,7,4,1
splacona_cz,13,3700,3,800,62,kobieta,25,48,0
splacona_cz,13,1100,0,300,63,kobieta,103,48,0
splacona_cz,16,1473.04,0,400,65,mê¿czyzna,164,48,0
splacona_cz,13,1519,0,350,78,mê¿czyzna,253,48,0
splacona_cz,12,599.03,2,200,37,kobieta,18,0,2
splacona_cz,98,980,2,200,56,kobieta,9,48,0
splacona_cz,13,1026,3,200,74,kobieta,246,48,2
splacona_cz,13,975,3,218.32,61,kobieta,26,48,3
splacona_cz,11,2947,3,393.99,59,mê¿czyzna,52,48,0
odmowa,11,3200,0,1000,26,mê¿czyzna,3,48,0
splacona,11,1900,3,694,38,kobieta,207,48,12
splacona_cz,13,2100,0,300,72,kobieta,159,48,0
splacona_cz,12,1500,0,800,35,mê¿czyzna,32,3,4
splacona,16,1151,0,300,66,mê¿czyzna,360,48,0
splacona_cz,11,1770,3,277.34,39,kobieta,86,48,0
splacona_cz,13,1977,1,700,61,kobieta,54,48,3
splacona_cz,13,1287.66,2,200,63,mê¿czyzna,95,48,0
splacona_cz,11,900,3,300,46,kobieta,92,48,0
odmowa,11,2251.79,0,500,56,kobieta,254,48,0
splacona_cz,13,960,3,300,73,mê¿czyzna,139,48,1
odmowa,13,1413,0,400,75,kobieta,164,48,0
windykacja,12,1800,0,300,27,mê¿czyzna,34,27,4938
splacona,13,1083.23,1,200,58,kobieta,96,48,0
splacona_cz,13,3440,3,800,55,kobieta,50,48,1
splacona,98,3178,3,427.09,43,mê¿czyzna,200,48,11
splacona_cz,13,1772.53,0,400,71,mê¿czyzna,279,48,0
splacona_cz,13,803.86,3,200,68,kobieta,157,48,0
splacona_cz,13,1026,3,300,60,kobieta,54,48,23
splacona,13,1014,1,297.69,63,kobieta,182,48,11
splacona,13,1193.65,2,400,63,mê¿czyzna,8,48,0
splacona_cz,98,1200,3,285.97,38,kobieta,45,48,0
splacona_cz,12,1000,3,328.32,50,kobieta,31,3,0
splacona_cz,12,1000,3,328,60,mê¿czyzna,11,3,0
splacona_cz,11,1400,3,200,54,kobieta,116,48,0
windykacja,12,1286,0,200,18,mê¿czyzna,1,1,4938
splacona_cz,12,1300,3,600,29,mê¿czyzna,26,15,4
splacona_cz,17,798.8,3,300,54,mê¿czyzna,148,2,4
splacona_cz,13,917,1,300,63,kobieta,75,48,2
splacona,11,1087,2,377.69,40,kobieta,237,48,18
splacona_cz,11,2470,0,500,38,mê¿czyzna,65,48,3
splacona,13,1538,3,200,63,mê¿czyzna,100,48,8
splacona_cz,11,1300,3,300,39,mê¿czyzna,44,48,0
splacona_cz,13,1635,3,200,60,kobieta,119,48,1
splacona_cz,99,2290.55,0,300,42,kobieta,17,3,0
odmowa,11,1386,0,600,41,mê¿czyzna,16,48,0
splacona,13,1167.94,0,200,79,kobieta,368,48,0
splacona_cz,13,1233,2,400,63,kobieta,122,48,0
splacona,13,1530,0,500,64,mê¿czyzna,34,48,0
odmowa,11,2983,0,800,31,mê¿czyzna,87,48,0
splacona_cz,16,1313.41,3,400,62,mê¿czyzna,27,48,0
splacona,13,3900,0,300,59,mê¿czyzna,113,48,1
splacona,13,1525.46,3,521.49,62,kobieta,35,48,2
splacona_cz,13,1162,3,200,62,mê¿czyzna,220,48,0
windykacja,99,685,3,250,62,mê¿czyzna,4,0,4936
splacona_cz,13,1200,3,500,70,kobieta,118,48,1
splacona_cz,16,634,2,200,58,kobieta,50,48,0
splacona_cz,16,2300,4,800,55,kobieta,62,48,0
splacona_cz,12,1027,3,300,39,kobieta,8,48,3
splacona,13,5100,3,262.81,61,kobieta,27,48,0
splacona_cz,11,2800,3,400,54,kobieta,59,48,0
splacona_cz,11,3000,3,500,45,kobieta,92,48,3
splacona_cz,13,714,4,500,62,kobieta,221,48,1
splacona_cz,11,2875.71,3,1100,42,mê¿czyzna,277,48,6
splacona_cz,13,2120,3,600,68,kobieta,118,48,0
splacona_cz,13,1013.74,3,400,65,kobieta,112,48,0
splacona,13,984,2,200,61,kobieta,10,48,1
splacona,13,1425,1,400,60,kobieta,78,48,0
splacona_cz,13,720.19,1,200,67,kobieta,92,48,4
splacona_cz,12,1350,3,281.29,55,kobieta,21,3,1
splacona_cz,13,951,3,500,73,kobieta,161,48,4
splacona,98,2000,0,300,31,mê¿czyzna,13,48,0
splacona_cz,11,1500,2,400,58,kobieta,84,48,0
splacona,11,2200,0,700,33,kobieta,36,48,0
splacona_cz,13,866.46,0,200,73,kobieta,194,48,0
splacona,11,1400,0,473,33,kobieta,100,48,0
odmowa,13,1313,0,300,58,kobieta,36,48,0
odmowa,16,540,0,300,23,kobieta,13,48,0
splacona,11,2100,0,300,33,mê¿czyzna,63,48,67
splacona,12,1800,3,700,28,mê¿czyzna,10,0,7
splacona_cz,12,1009.34,2,300,55,kobieta,28,39,0
splacona_cz,12,1042,0,300,49,mê¿czyzna,4,0,1
odmowa,11,979.34,0,300,41,mê¿czyzna,188,48,0
splacona_cz,13,1428.55,3,200,66,kobieta,136,48,4
splacona_cz,13,1000,0,300,70,kobieta,63,48,0
splacona_cz,12,660,3,400,40,kobieta,11,27,2
splacona_cz,13,616,3,200,75,kobieta,245,48,6
splacona_cz,11,1600,3,496.83,31,kobieta,13,48,4
splacona_cz,13,1611,1,300,65,mê¿czyzna,140,48,0
splacona_cz,13,1684,3,367.31,61,kobieta,19,48,3
splacona,13,1500,3,200,58,kobieta,45,48,3
odmowa,13,974,0,200,43,mê¿czyzna,82,48,0
splacona_cz,16,1740,0,200,53,kobieta,113,48,1
odmowa,11,1037,0,500,46,kobieta,39,48,0
splacona_cz,11,3170,3,400,47,kobieta,284,48,0
splacona_cz,13,930,4,700,65,kobieta,130,48,0
splacona_cz,12,1574.45,2,426.66,47,mê¿czyzna,30,5,0
splacona_cz,13,640,0,500,72,kobieta,138,48,1
splacona_cz,13,1474.55,2,400,62,kobieta,64,48,0
splacona_cz,12,830.46,2,600,47,kobieta,44,27,4
splacona_cz,11,1261.98,3,357.31,40,mê¿czyzna,35,48,0
splacona_cz,13,1189,3,265.58,62,kobieta,69,48,0
splacona_cz,16,837,2,350,61,mê¿czyzna,230,48,0
splacona_cz,17,684,3,900,58,kobieta,189,20,0
splacona_cz,13,965,3,200,75,kobieta,244,48,1
splacona_cz,16,703,3,200,57,kobieta,25,48,8
splacona,99,750,3,200,19,mê¿czyzna,3,2,0
splacona_cz,12,1675,3,600,54,kobieta,8,3,0
splacona_cz,16,1045.6,4,400,54,kobieta,11,48,0
splacona_cz,13,1137.19,3,400,66,kobieta,95,48,0
splacona_cz,12,1200,3,300,35,kobieta,8,6,0
splacona_cz,12,990.34,2,200,46,kobieta,55,17,2
splacona_cz,11,2065.98,3,327,52,kobieta,178,48,1
splacona,11,800.51,0,400,38,kobieta,19,48,11
splacona_cz,11,5800,3,1000,47,kobieta,53,48,0
splacona_cz,13,1817.24,2,400,57,kobieta,17,48,1
splacona_cz,13,1239,3,300,77,kobieta,269,48,0
splacona_cz,12,1400,2,300,25,mê¿czyzna,11,21,1
splacona,16,763.38,3,200,57,mê¿czyzna,210,48,46
splacona_cz,13,997,3,300,61,kobieta,78,48,2
splacona,13,1801.41,0,515.96,58,kobieta,37,48,9
windykacja,12,1030,3,241.15,54,mê¿czyzna,8,16,4931
splacona_cz,13,3600,2,1000,57,mê¿czyzna,85,48,1
splacona_cz,11,1800,3,300,33,mê¿czyzna,164,48,1
splacona,11,1400,0,300,23,mê¿czyzna,24,48,0
splacona,11,2100,2,300,45,mê¿czyzna,49,48,11
splacona_cz,13,1212,3,500,60,kobieta,53,48,1
splacona,13,2098,3,700,75,mê¿czyzna,196,48,211
splacona_cz,12,600,4,400,47,mê¿czyzna,8,19,0
splacona,11,1400,3,200,49,mê¿czyzna,13,48,0
splacona_cz,11,3200,3,662.81,52,mê¿czyzna,188,48,0
splacona_cz,13,1000,3,500,60,kobieta,67,48,0
splacona_cz,13,730,2,200,72,kobieta,560,48,1
splacona_cz,13,802.83,3,200,65,kobieta,200,48,0
splacona,13,3541.9,1,369.53,72,kobieta,126,48,24
splacona_cz,11,1290,3,600,32,kobieta,18,48,2
splacona_cz,11,3000,4,300,60,mê¿czyzna,211,48,2
splacona,11,2284.23,1,400,43,mê¿czyzna,299,48,2
splacona_cz,16,959.6,3,200,69,kobieta,114,48,0
splacona_cz,11,1680,3,300,57,kobieta,384,48,2
splacona,11,1250,0,500,61,mê¿czyzna,64,48,16
odmowa,16,425,0,200,60,kobieta,160,48,0
splacona_cz,11,1000,3,800,60,mê¿czyzna,62,48,3
splacona_cz,11,1700,3,600,47,kobieta,88,48,6
splacona_cz,16,892,2,409.15,65,kobieta,200,48,0
splacona_cz,12,1050,2,294.37,52,kobieta,33,3,0
splacona_cz,13,1130,3,300,62,kobieta,102,48,0
splacona_cz,11,1172.2,3,300.4,56,kobieta,36,48,0
splacona,98,5000,2,600,41,kobieta,83,48,5
splacona_cz,11,1700,3,300,54,mê¿czyzna,38,48,1
splacona_cz,13,611,2,300,57,kobieta,138,48,1
splacona_cz,11,1320,3,500,53,mê¿czyzna,341,48,0
splacona_cz,11,2470,4,426.61,49,kobieta,353,48,0
splacona_cz,13,12220,2,200,57,mê¿czyzna,70,48,4
splacona_cz,11,4000,4,400,53,mê¿czyzna,9,48,0
odmowa,13,686.16,0,200,69,kobieta,76,48,0
splacona_cz,16,1132,0,300,64,kobieta,96,48,1
splacona_cz,17,985,4,200,20,mê¿czyzna,12,1,0
splacona,13,2010,2,717.02,64,mê¿czyzna,137,48,0
splacona_cz,11,2800,3,600,49,kobieta,318,48,1
splacona_cz,13,729.03,4,500,70,kobieta,256,48,0
windykacja,12,1500,0,1130.33,48,kobieta,13,13,4928
windykacja,12,700,3,250,40,mê¿czyzna,8,15,4928
splacona_cz,99,1393.85,2,200,29,mê¿czyzna,4,0,6
splacona_cz,13,860,0,789.27,63,kobieta,79,48,1
odmowa,11,1085.97,0,600,20,mê¿czyzna,2,48,0
splacona_cz,13,1688.82,2,300,46,mê¿czyzna,98,48,7
splacona,11,1617.68,2,200,52,kobieta,84,48,215
splacona_cz,13,2100,3,1000,73,kobieta,54,48,3
splacona,11,1058,0,300,35,mê¿czyzna,13,48,0
splacona_cz,13,1700,3,500,72,mê¿czyzna,13,48,3
splacona_cz,11,2927,2,454,38,kobieta,200,48,0
splacona,11,2200,0,500,35,mê¿czyzna,84,48,12
splacona_cz,11,1459,1,300,26,mê¿czyzna,8,48,6
splacona_cz,13,936,1,500,60,kobieta,30,48,0
splacona,13,2612,2,2500,72,mê¿czyzna,81,48,30
splacona_cz,13,1090.14,3,400,61,kobieta,74,48,2
splacona,16,1600,2,200,67,mê¿czyzna,11,48,0
splacona_cz,13,1026,4,200,74,kobieta,246,48,0
splacona,11,2011,0,416.61,52,mê¿czyzna,210,48,13
splacona_cz,16,588,0,600,55,mê¿czyzna,421,48,2
splacona_cz,13,1240,0,300,58,kobieta,69,48,2
splacona_cz,13,1170,2,400,61,kobieta,77,48,0
splacona_cz,11,1077.49,3,300,48,kobieta,371,48,2
splacona_cz,12,1100,0,200,26,kobieta,14,3,4
splacona,16,685,0,200,52,kobieta,40,48,0
splacona_cz,13,3900,4,300,49,mê¿czyzna,29,48,0
splacona_cz,13,1350,2,300,65,kobieta,110,48,0
splacona_cz,12,1952.35,3,387.31,44,mê¿czyzna,3,8,0
splacona,11,1300,0,200,53,mê¿czyzna,451,48,0
splacona_cz,11,2258,4,1000,42,mê¿czyzna,74,48,3
splacona_cz,11,1842.86,2,400,56,mê¿czyzna,7,48,0
splacona,16,1589,0,250,58,kobieta,26,48,0
splacona,11,1000,3,275.97,41,kobieta,60,48,14
splacona_cz,12,1000,4,200,24,mê¿czyzna,11,14,0
splacona_cz,13,1217,0,600,65,mê¿czyzna,50,48,0
splacona,12,1030,0,200,51,mê¿czyzna,8,48,3
splacona_cz,13,1134.96,0,200,68,kobieta,160,48,0
odmowa,13,697,0,300,64,kobieta,124,48,0
splacona_cz,16,1389,3,200,63,kobieta,90,48,0
splacona_cz,12,1375.47,1,300,45,mê¿czyzna,6,2,0
splacona_cz,13,2051,0,500,63,kobieta,137,48,0
splacona_cz,13,1291.18,4,378.91,70,kobieta,78,48,0
splacona_cz,13,1691.3,0,500,62,kobieta,72,48,3
windykacja,17,1031,2,350,53,kobieta,50,10,4924
splacona,11,1680,4,586.65,57,kobieta,69,48,2
splacona_cz,13,910.33,3,200,73,mê¿czyzna,162,48,7
splacona,11,2353,3,1569.98,48,mê¿czyzna,98,48,29
splacona_cz,12,2500,2,800,57,mê¿czyzna,4,1,0
splacona_cz,11,1077,0,200,55,kobieta,182,48,0
splacona_cz,11,1700,4,238.78,53,kobieta,204,48,0
splacona_cz,11,1373.34,1,200,30,kobieta,57,48,1
windykacja,11,2837,0,662.69,30,mê¿czyzna,125,48,4924
splacona_cz,12,1700,4,400,54,kobieta,54,1,0
odmowa,13,578.75,0,200,60,kobieta,8,48,0
splacona_cz,13,1300,0,300,77,kobieta,192,48,0
splacona,11,1800,0,300,57,mê¿czyzna,160,48,0
splacona_cz,13,850,3,400,66,kobieta,66,48,2
splacona_cz,17,1200,4,200,25,kobieta,164,16,0
splacona_cz,13,1601.87,0,350,64,mê¿czyzna,44,48,6
splacona_cz,11,1700,3,500,51,kobieta,305,48,0
splacona,11,1400,4,300,43,kobieta,24,48,2
splacona_cz,13,910,4,200,66,kobieta,69,48,0
splacona_cz,11,2094.17,0,200,53,mê¿czyzna,240,48,0
splacona_cz,12,1000,1,300,50,mê¿czyzna,42,20,1
splacona,13,1200.29,1,200,62,kobieta,21,48,0
splacona_cz,13,1280,4,400,61,kobieta,16,48,2
splacona_cz,11,1286.16,0,300,42,kobieta,116,48,0
splacona_cz,13,1216,4,200,66,kobieta,140,48,0
splacona_cz,13,1900,4,500,56,mê¿czyzna,149,48,5
splacona,11,2200,0,200,42,mê¿czyzna,42,48,0
splacona_cz,16,1770,4,500,58,mê¿czyzna,88,48,0
odmowa,13,1501,0,500,63,kobieta,140,48,0
splacona_cz,13,722.05,3,200,71,kobieta,196,48,0
splacona,16,1235,0,200,70,kobieta,32,48,0
splacona_cz,11,1721.7,4,385.97,54,kobieta,119,48,0
splacona,11,1900,3,903.23,36,kobieta,178,48,9
splacona_cz,11,1800,0,400,51,mê¿czyzna,258,48,0
splacona_cz,12,1963.88,3,400,44,mê¿czyzna,5,0,0
splacona,11,3898,0,400,36,mê¿czyzna,180,48,0
splacona,13,1870,0,300,72,mê¿czyzna,84,48,0
splacona_cz,13,1239.98,1,300,78,kobieta,254,48,0
splacona_cz,12,984.34,3,200,53,kobieta,17,3,4
splacona_cz,12,1447,4,500,29,kobieta,21,3,1
odmowa,16,1278,0,700,24,mê¿czyzna,77,48,0
splacona_cz,13,810,4,300,60,kobieta,32,48,3
splacona_cz,11,1730.13,2,400,56,kobieta,192,48,3
splacona_cz,11,2709.34,4,322.07,35,kobieta,180,48,0
splacona_cz,11,2899.34,0,400,35,kobieta,120,48,0
splacona,11,1906.42,2,227.08,60,kobieta,211,48,7
windykacja_sp,13,1072,4,561.15,69,kobieta,152,48,292
windykacja_sp,13,1400,0,500,59,kobieta,53,48,385
splacona_cz,13,1050,4,600,61,kobieta,138,48,0
splacona,11,2700,4,600,30,mê¿czyzna,63,48,0
splacona_cz,17,728,4,200,27,mê¿czyzna,99,31,3
splacona_cz,12,1634,2,300,22,kobieta,11,1,3
windykacja,17,1896,0,500,22,mê¿czyzna,33,0,4919
windykacja,12,1029,0,300,23,mê¿czyzna,3,8,4919
splacona_cz,98,3000,1,1500,57,mê¿czyzna,68,48,25
splacona_cz,13,2421.55,0,1070,80,kobieta,244,48,0
odmowa,98,3000,0,250,23,mê¿czyzna,13,48,0
splacona_cz,11,1566.82,0,200,46,mê¿czyzna,348,48,0
splacona,13,1820,4,800,61,kobieta,68,48,0
splacona_cz,13,907,2,200,70,kobieta,233,48,2
splacona,12,1100,1,200,26,mê¿czyzna,32,27,9
splacona_cz,11,1239.05,1,400,39,kobieta,203,48,6
splacona_cz,12,1865,1,200,31,kobieta,19,2,5
splacona_cz,98,3000,0,400,52,kobieta,84,48,2
splacona_cz,11,2400,3,500,35,kobieta,112,48,4
windykacja_sp,11,901,3,300,28,kobieta,39,48,387
splacona_cz,13,2110,4,300,66,mê¿czyzna,100,48,1
windykacja,13,1015,4,400,64,kobieta,108,48,4917
splacona_cz,11,2368.57,2,400,54,kobieta,409,48,0
splacona_cz,11,2505,0,300,40,kobieta,163,48,0
splacona_cz,17,1100,2,200,56,kobieta,26,7,0
splacona,16,1072.89,4,255.49,55,kobieta,121,48,0
splacona_cz,99,1100,1,200,53,kobieta,51,1,1
splacona,13,1400,0,600,59,kobieta,245,48,1
splacona_cz,99,598,0,200,52,kobieta,2,4,0
splacona,13,1000,0,200,75,kobieta,210,48,0
splacona_cz,13,785,0,200,72,kobieta,63,48,0
splacona_cz,13,1900,0,400,75,kobieta,120,48,0
splacona,11,2700,4,500,37,kobieta,120,48,0
splacona,11,3100,4,500,32,kobieta,120,48,0
splacona_cz,11,1800,4,500,49,kobieta,52,48,1
splacona_cz,11,1493.98,3,200,47,kobieta,360,48,0
splacona_cz,11,932.34,4,200,51,kobieta,394,48,0
splacona_cz,11,1443,4,600,43,kobieta,33,48,0
odmowa,11,6125.99,0,500,50,mê¿czyzna,381,48,0
splacona_cz,12,1300,3,300,26,kobieta,7,5,2
splacona_cz,12,1500,3,300,22,kobieta,3,1,2
splacona_cz,98,4000,4,492.01,35,kobieta,18,48,10
splacona,16,1362,4,400,53,kobieta,28,48,0
splacona_cz,13,1244.77,4,300,58,kobieta,38,48,4
splacona_cz,13,1872,4,700,58,kobieta,34,48,2
splacona,16,1340,0,200,63,kobieta,160,48,0
splacona,13,1573,0,300,67,mê¿czyzna,88,48,1
odmowa,13,1030.71,0,200,71,kobieta,260,48,0
odmowa,11,1052.34,0,500,48,mê¿czyzna,53,48,0
odmowa,98,1000,0,800,21,mê¿czyzna,3,48,0
splacona,98,2200,4,200,47,kobieta,24,48,0
splacona,12,1637,0,300,30,mê¿czyzna,51,48,0
splacona_cz,13,1668,4,395.77,63,kobieta,90,48,0
splacona,13,1107,2,201.4,60,kobieta,14,48,9
splacona,12,1048.27,0,200,39,kobieta,2,17,13
splacona_cz,13,2282,0,300,61,kobieta,24,48,0
windykacja_sp,11,1500,0,417,27,kobieta,23,48,133
splacona_cz,16,634.64,3,300,57,kobieta,135,48,0
splacona_cz,11,2327.94,0,500,24,mê¿czyzna,34,48,0
splacona,11,2050,4,575.74,32,mê¿czyzna,117,48,10
splacona_cz,98,911,4,300,46,kobieta,97,48,1
splacona_cz,13,992.96,0,200,61,kobieta,11,48,0
odmowa,12,700,0,300,55,kobieta,20,3,0
splacona_cz,11,1000,4,300,30,mê¿czyzna,56,48,1
splacona_cz,13,865,4,200,70,kobieta,127,48,0
splacona_cz,11,2100,1,300,54,mê¿czyzna,37,48,2
splacona_cz,11,992.84,4,300,49,kobieta,120,48,0
splacona_cz,99,780,0,200,57,kobieta,0,3,0
splacona_cz,11,2100,3,500,60,mê¿czyzna,186,48,0
splacona,13,1370,3,600,59,kobieta,75,48,0
splacona_cz,13,1500,4,371.45,61,mê¿czyzna,22,48,1
splacona_cz,12,980,4,200,31,kobieta,9,1,4
splacona,11,1300,1,600,54,kobieta,67,48,19
splacona,11,1700,3,500,36,kobieta,196,48,69
splacona,11,1638,0,1283.66,52,kobieta,313,48,175
odmowa,11,1000,0,400,62,mê¿czyzna,101,48,0
splacona_cz,13,1310,0,500,61,kobieta,77,48,5
splacona_cz,16,1045,3,200,50,mê¿czyzna,198,48,3
splacona_cz,12,1540,1,600,33,kobieta,38,1,5
splacona_cz,11,983.97,2,200,57,kobieta,77,48,5
splacona_cz,12,1038.68,0,300,46,kobieta,20,6,0
splacona_cz,12,1032,4,295.24,46,kobieta,37,3,4
splacona_cz,11,3300,0,300,44,mê¿czyzna,236,48,0
odmowa,12,977,0,300,43,mê¿czyzna,0,3,0
odmowa,16,848.27,0,200,52,kobieta,173,48,0
splacona,13,815,1,400,67,kobieta,143,48,0
odmowa,13,1255,0,200,77,kobieta,180,48,0
splacona,11,1400,4,246.99,52,kobieta,160,48,0
splacona_cz,12,1521,0,200,30,mê¿czyzna,19,11,0
splacona_cz,11,980.11,1,400,34,kobieta,44,48,6
splacona,12,1800,0,300,26,mê¿czyzna,53,48,0
splacona_cz,17,990,0,500,50,kobieta,71,14,0
splacona,11,2600,0,400,64,mê¿czyzna,134,48,0
splacona_cz,11,1460.17,1,200,55,mê¿czyzna,60,48,11
splacona,13,2000,4,450,68,mê¿czyzna,44,48,12
windykacja_sp,16,1151,0,500,66,mê¿czyzna,360,48,311
splacona_cz,16,1473.04,1,400,65,mê¿czyzna,164,48,0
splacona,13,720,1,500,58,kobieta,231,48,101
odmowa,16,1327.87,0,500,61,mê¿czyzna,15,48,0
splacona_cz,16,749.28,4,200,53,kobieta,64,48,0
splacona_cz,13,1420,0,300,70,mê¿czyzna,52,48,4
splacona_cz,11,2500,0,895.59,47,mê¿czyzna,203,48,4
splacona_cz,11,1400,0,300,52,kobieta,160,48,0
splacona_cz,13,962,0,500,62,kobieta,64,48,3
splacona_cz,13,1426,4,300,71,mê¿czyzna,76,48,0
splacona_cz,13,1100,1,300,63,kobieta,104,48,0
splacona_cz,11,967.64,3,200,48,kobieta,318,48,0
splacona_cz,13,3700,4,700,62,kobieta,26,48,0
splacona_cz,13,1772.53,1,300,71,mê¿czyzna,279,48,4
splacona,13,1016,0,300,70,kobieta,188,48,0
windykacja,11,2947,4,348.19,59,mê¿czyzna,52,48,4910
splacona_cz,16,980,4,407.31,68,kobieta,130,48,9
splacona_cz,13,1362,4,500,61,kobieta,55,48,14
splacona,13,2100,1,300,72,kobieta,159,48,282
splacona,13,1900,4,500,62,kobieta,87,48,0
splacona_cz,12,1000,4,328,60,mê¿czyzna,11,3,0
splacona_cz,12,1000,4,328.32,50,kobieta,31,3,0
splacona,11,1770,4,277.34,39,kobieta,86,48,2
windykacja_sp,11,2249.14,0,500,57,kobieta,240,48,155
splacona,13,1519,1,350,78,mê¿czyzna,254,48,0
splacona_cz,11,2080,0,500,53,mê¿czyzna,318,48,0
splacona,17,1079,0,200,49,kobieta,29,9,0
splacona_cz,98,980,3,200,56,kobieta,10,48,0
splacona,11,1577.42,1,400,50,kobieta,205,48,23
splacona_cz,13,2066,4,700,61,kobieta,129,48,2
windykacja,13,580,4,800,56,kobieta,119,48,4910
splacona_cz,11,3200,4,600,51,kobieta,54,48,0
splacona_cz,12,670,4,300,45,mê¿czyzna,9,2,0
splacona_cz,11,1400,4,200,54,kobieta,117,48,2
splacona_cz,11,1300,4,200,39,mê¿czyzna,45,48,0
splacona_cz,13,2291,1,1000,69,kobieta,71,48,0
splacona_cz,98,1200,4,284.19,38,kobieta,46,48,2
splacona_cz,11,900,4,300,46,kobieta,93,48,1
splacona_cz,16,634,3,200,58,kobieta,51,48,0
odmowa,99,730,0,400,42,kobieta,3,3,0
odmowa,13,1409,0,300,63,kobieta,61,48,0
splacona_cz,13,1026,4,200,74,kobieta,247,48,1
splacona_cz,13,1658,4,296,59,kobieta,29,48,0
splacona_cz,13,803.86,4,200,68,kobieta,158,48,1
splacona_cz,99,2290.55,1,250,42,kobieta,18,2,0
splacona_cz,13,562,0,300,71,mê¿czyzna,81,48,1
splacona_cz,13,1287.66,3,200,63,mê¿czyzna,96,48,0
splacona,11,1300,0,400,53,kobieta,34,48,265
splacona_cz,11,1360,0,300,46,mê¿czyzna,120,48,0
splacona_cz,13,670,0,200,65,kobieta,66,48,0
splacona_cz,11,2050,0,799.85,33,kobieta,29,48,7
splacona_cz,16,1411,1,400,60,kobieta,66,48,2
splacona_cz,12,599.03,3,200,37,kobieta,19,2,0
odmowa,12,989.89,0,300,46,kobieta,6,4,0
splacona_cz,13,1233,3,300,63,kobieta,123,48,0
splacona_cz,13,3440,4,800,55,kobieta,51,48,0
splacona,13,1185.33,4,200,71,kobieta,224,48,1
splacona_cz,13,3040,0,659.87,65,mê¿czyzna,201,48,1
splacona_cz,13,1500,0,400,60,kobieta,60,48,0
splacona_cz,12,1032.34,4,200,31,kobieta,5,6,7
splacona_cz,13,1635,4,200,60,kobieta,120,48,1
splacona_cz,13,975,4,218.32,61,kobieta,27,48,7
splacona,11,2200,0,900,33,kobieta,37,48,0
splacona_cz,13,1977,2,700,61,kobieta,55,48,0
splacona_cz,13,960,4,315.49,73,mê¿czyzna,140,48,6
splacona_cz,13,1162,4,200,62,mê¿czyzna,221,48,1
splacona_cz,16,2300,5,700,55,kobieta,63,48,0
splacona_cz,12,1500,1,800,35,mê¿czyzna,33,2,10
odmowa,99,1300,0,200,23,mê¿czyzna,1,2,0
splacona,11,1888.27,0,375.81,29,mê¿czyzna,77,48,10
splacona_cz,13,917,2,300,63,kobieta,76,48,0
splacona_cz,11,1344.9,3,216.24,45,kobieta,46,48,0
splacona_cz,98,6000,0,1000,41,kobieta,17,48,0
splacona_cz,16,1313.41,4,400,62,mê¿czyzna,28,48,4
odmowa,11,2200,0,1000,39,kobieta,204,48,0
splacona_cz,13,866.46,1,200,73,kobieta,195,48,0
splacona_cz,11,2800,4,400,54,kobieta,60,48,1
splacona_cz,11,2470,1,495.15,38,mê¿czyzna,66,48,2
splacona,11,2000,0,600,46,mê¿czyzna,51,48,0
splacona,13,1503,0,350,61,mê¿czyzna,166,48,12
splacona_cz,12,1100,4,235.97,65,mê¿czyzna,22,14,5
splacona,13,2120,4,600,68,kobieta,119,48,0
splacona_cz,13,1200,4,500,70,kobieta,119,48,9
splacona_cz,13,1013.74,4,460,65,kobieta,113,48,2
odmowa,13,781.21,0,300,67,kobieta,45,48,0
splacona_cz,11,1500,3,400,58,kobieta,85,48,3
odmowa,13,1580,0,300,76,mê¿czyzna,132,48,0
splacona_cz,17,547.89,1,350,56,kobieta,56,2,4
splacona_cz,13,1031,0,300,66,kobieta,121,48,0
splacona_cz,13,930,5,700,65,kobieta,131,48,3
splacona,12,2673.17,4,600,51,mê¿czyzna,112,48,3
splacona_cz,13,930,1,670,63,kobieta,94,48,3
splacona_cz,13,714,5,400,62,kobieta,222,48,0
splacona_cz,13,840,2,400,64,kobieta,113,48,0
odmowa,13,1134,0,400,57,kobieta,60,48,0
splacona_cz,11,2700,4,423.23,31,mê¿czyzna,15,48,2
splacona_cz,12,1350,4,200,55,kobieta,22,2,3
windykacja,12,1009.34,3,300,55,kobieta,29,38,4903
odmowa,12,1204,0,500,29,mê¿czyzna,8,10,0
splacona,13,1611,2,200,65,mê¿czyzna,141,48,0
splacona_cz,11,2500,0,500,49,kobieta,233,48,0
windykacja_sp,12,1300,4,600,29,mê¿czyzna,27,14,315
windykacja,17,798.8,4,300,54,mê¿czyzna,149,1,4903
splacona_cz,11,2670,4,1000,60,kobieta,88,48,29
splacona_cz,13,1000,1,300,70,kobieta,64,48,0
windykacja_sp,12,1042,1,300,49,mê¿czyzna,5,6,351
splacona_cz,12,1027,4,300,39,kobieta,9,48,3
splacona,11,3000,4,250,45,kobieta,93,48,3
splacona_cz,12,1200,4,300,35,kobieta,9,5,5
splacona_cz,13,1137.19,4,400,66,kobieta,96,48,5
odmowa,12,1100,0,300,34,kobieta,3,0,0
splacona_cz,13,1027,0,300,68,kobieta,192,48,0
splacona,13,802.83,4,200,65,kobieta,201,48,1
splacona,13,1239,4,400,77,kobieta,270,48,5
splacona_cz,13,720.19,2,200,67,kobieta,93,48,1
splacona,11,2250.05,2,500,61,mê¿czyzna,176,48,380
splacona_cz,12,600,5,400,47,mê¿czyzna,9,18,1
splacona_cz,11,3300,1,300,44,mê¿czyzna,237,48,0
splacona,13,1150,0,300,75,mê¿czyzna,138,48,16
splacona_cz,13,1189,4,265.58,62,kobieta,70,48,1
splacona_cz,12,1574.45,3,417.8,47,mê¿czyzna,31,4,0
splacona_cz,11,1320,4,500,53,mê¿czyzna,342,48,1
splacona,11,3170,4,400,47,kobieta,285,48,189
splacona_cz,11,1261.98,4,357.31,40,mê¿czyzna,36,48,5
splacona_cz,16,837,3,350,61,mê¿czyzna,231,48,0
splacona_cz,17,684,4,900,58,kobieta,190,19,0
odmowa,12,1000,0,500,47,mê¿czyzna,1,10,0
splacona_cz,11,3200,4,606.35,52,mê¿czyzna,189,48,0
splacona_cz,13,1474.55,3,400,62,kobieta,65,48,1
odmowa,11,1195,0,200,31,mê¿czyzna,78,48,0
splacona_cz,13,951,4,500,73,kobieta,162,48,5
splacona_cz,12,660,4,400,40,kobieta,12,26,5
splacona_cz,16,1045.6,5,400,54,kobieta,12,48,1
splacona_cz,12,1675,4,600,54,kobieta,9,2,0
odmowa,98,1220,0,300,36,mê¿czyzna,4,48,0
splacona_cz,11,5800,4,1000,47,kobieta,54,48,1
splacona,13,3600,3,1000,57,mê¿czyzna,86,48,0
splacona_cz,16,1600,0,200,63,kobieta,24,48,0
splacona_cz,11,1800,4,300,33,mê¿czyzna,165,48,0
splacona,12,1400,3,300,25,mê¿czyzna,12,20,15
splacona_cz,13,1817.24,3,400,57,kobieta,18,48,0
odmowa,11,1047,0,300,57,mê¿czyzna,3,48,0
splacona_cz,16,1740,1,200,53,kobieta,114,48,0
splacona_cz,13,640,1,500,72,kobieta,139,48,4
splacona_cz,13,965,4,200,75,kobieta,245,48,13
splacona_cz,11,1800,0,600,39,kobieta,52,48,12
odmowa,16,634.64,0,300,66,mê¿czyzna,69,48,0
splacona_cz,13,1212,4,500,60,kobieta,54,48,0
odmowa,12,1300,0,500,23,mê¿czyzna,0,2,0
splacona_cz,13,1684,4,367.31,61,kobieta,20,48,8
splacona,13,2010,0,407.1,64,mê¿czyzna,138,48,0
splacona,11,2065.98,4,327,52,kobieta,179,48,19
splacona_cz,13,1000,4,500,60,kobieta,68,48,4
splacona_cz,11,2927,3,449.33,38,kobieta,201,48,2
odmowa,12,780,0,200,41,kobieta,1,2,0
splacona,11,1400,0,200,23,mê¿czyzna,25,48,0
splacona,11,1600,4,496.83,31,kobieta,14,48,48
splacona_cz,16,959.6,4,200,69,kobieta,115,48,0
odmowa,11,1031,0,500,49,mê¿czyzna,3,48,0
splacona_cz,13,1170,3,400,61,kobieta,78,48,0
splacona_cz,11,1172.2,4,200,56,kobieta,37,48,2
splacona,16,892,3,321.21,65,kobieta,201,48,0
splacona,13,2421.55,1,1070,80,kobieta,245,48,0
splacona_cz,17,864.6,0,250,54,kobieta,2,5,2
splacona_cz,13,1130,4,300,62,kobieta,103,48,3
splacona,12,990.34,3,200,46,kobieta,56,16,3
windykacja,11,2875.71,4,1075.62,42,mê¿czyzna,278,48,4898
splacona_cz,12,1050,3,286.94,52,kobieta,34,2,2
splacona_cz,13,997,4,300,61,kobieta,79,48,0
splacona,13,1428.55,4,200,66,kobieta,137,48,4
splacona_cz,11,1900,0,693.7,38,kobieta,208,48,0
splacona_cz,13,1300,1,300,77,kobieta,193,48,0
splacona_cz,13,730,3,200,72,kobieta,561,48,3
splacona,13,1217,1,600,65,mê¿czyzna,51,48,0
splacona_cz,11,2470,5,426.61,49,kobieta,354,48,2
splacona,99,598,1,200,52,kobieta,3,3,3
splacona_cz,11,1700,4,300,54,mê¿czyzna,39,48,4
splacona_cz,16,1589,0,400,58,kobieta,27,48,3
splacona,13,1530,0,500,57,kobieta,25,48,0
splacona_cz,11,4000,5,400,53,mê¿czyzna,10,48,3
splacona_cz,17,985,5,200,20,mê¿czyzna,13,4,4
splacona_cz,13,729.03,5,500,70,kobieta,257,48,0
splacona_cz,13,611,3,300,57,kobieta,139,48,1
splacona_cz,11,3000,5,300,60,mê¿czyzna,212,48,3
splacona_cz,11,1290,4,600,32,kobieta,19,48,0
splacona,13,1014,0,297.69,63,kobieta,183,48,9
splacona_cz,12,830.46,3,600,47,kobieta,45,26,4
splacona_cz,16,1132,1,300,64,kobieta,97,48,0
splacona_cz,13,616,4,200,75,kobieta,246,48,0
odmowa,16,793.89,0,200,34,kobieta,203,48,0
splacona_cz,12,952.89,0,300,21,mê¿czyzna,23,3,0
splacona_cz,13,3900,5,300,49,mê¿czyzna,30,48,0
splacona_cz,13,1350,3,300,65,kobieta,111,48,0
splacona,98,2000,0,200,31,mê¿czyzna,14,48,0
splacona_cz,13,936,2,500,60,kobieta,31,48,0
splacona,98,3178,0,388.45,43,mê¿czyzna,201,48,11
splacona,12,1952.35,4,371.01,44,mê¿czyzna,4,7,0
splacona_cz,11,1680,4,300,57,kobieta,385,48,2
splacona_cz,11,2800,4,600,49,kobieta,319,48,0
splacona,13,860,1,783.61,63,kobieta,80,48,9
splacona,11,1000,4,800,60,mê¿czyzna,63,48,0
splacona_cz,11,1842.86,3,400,56,mê¿czyzna,8,48,1
splacona_cz,13,1210,0,300,65,kobieta,138,48,2
splacona,13,2051,1,500,63,kobieta,138,48,0
splacona_cz,12,1000,5,200,24,mê¿czyzna,12,13,1
splacona_cz,13,1026,5,200,74,kobieta,247,48,1
splacona_cz,11,1700,4,250,51,kobieta,306,48,5
splacona_cz,98,5000,0,600,41,kobieta,84,48,1
splacona,11,1077,1,200,55,kobieta,183,48,0
splacona,12,1375.47,2,300,45,mê¿czyzna,7,1,0
splacona_cz,16,588,1,600,55,mê¿czyzna,422,48,8
splacona_cz,13,2100,4,1000,73,kobieta,55,48,20
splacona_cz,16,685,0,200,52,kobieta,41,48,0
splacona_cz,13,1240,1,300,58,kobieta,70,48,0
splacona_cz,13,1090.14,4,400,61,kobieta,75,48,0
splacona,11,1077.49,4,300,48,kobieta,372,48,9
splacona_cz,13,12220,3,200,57,mê¿czyzna,71,48,3
splacona_cz,13,1134.96,1,200,68,kobieta,161,48,1
odmowa,11,1333,0,400,46,kobieta,4,48,0
splacona_cz,11,1286.16,1,300,42,kobieta,117,48,0
splacona,16,1389,4,200,63,kobieta,91,48,0
splacona_cz,12,2500,3,800,57,mê¿czyzna,5,5,0
splacona_cz,13,1291.18,5,378.91,70,kobieta,79,48,0
splacona_cz,17,1200,5,200,25,kobieta,165,15,5
splacona_cz,12,1700,5,400,54,kobieta,55,0,0
odmowa,99,2200.33,0,800,29,mê¿czyzna,2,0,0
splacona,11,1700,5,200,53,kobieta,205,48,2
splacona_cz,11,2700,0,400,30,mê¿czyzna,64,48,5
splacona_cz,13,1700,4,500,72,mê¿czyzna,14,48,0
odmowa,16,639.31,0,200,59,kobieta,417,48,0
splacona_cz,11,1700,4,600,47,kobieta,89,48,6
splacona_cz,13,1295.37,0,300,71,mê¿czyzna,307,48,0
odmowa,13,1390.98,0,300,61,kobieta,73,48,0
splacona,11,1400,0,300,49,mê¿czyzna,14,48,9
splacona,11,1300,0,300,53,mê¿czyzna,452,48,0
splacona,11,1373.34,2,200,30,kobieta,58,48,270
splacona,16,703,4,200,57,kobieta,26,48,0
